imDbId,title,fullTitle,type,year,imDb,metacritic,theMovieDb,rottenTomatoes,tV_com,filmAffinity,errorMessage
tt1302006,The Irishman,The Irishman (2019),Movie,2019,7.8,94,7.7,95,,7.3,
tt5074352,Dangal,Dangal (2016),Movie,2016,8.4,,8,,,7.4,
tt11989890,David Attenborough: A Life on Our Planet,David Attenborough: A Life on Our Planet (2020),Movie,2020,9,72,8.6,95,,8.1,
tt0169102,Lagaan: Once Upon a Time in India,Lagaan: Once Upon a Time in India (2001),Movie,2001,8.1,84,7.4,95,,7,
tt0384766,Rome,Rome (TV Series 2005‚Äì2007),TVSeries,2005,8.7,70,8.2,86,8.8,7.8,
tt3846674,To All the Boys I've Loved Before,To All the Boys I've Loved Before (2018),Movie,2018,7.1,64,7.8,,,5.6,
tt11464826,The Social Dilemma,The Social Dilemma (2020),Movie,2020,7.6,78,7.5,85,,6.8,
tt3967856,Okja,Okja (2017),Movie,2017,7.3,75,7.5,,,6.6,
tt6412452,The Ballad of Buster Scruggs,The Ballad of Buster Scruggs (2018),Movie,2018,7.3,79,7.2,89,,6.5,
tt1070874,The Trial of the Chicago 7,The Trial of the Chicago 7 (2020),Movie,2020,7.8,76,7.8,89,,7.1,
tt10324144,Article 15,Article 15 (2019),Movie,2019,8.2,,7.7,90,,6.9,
tt7214762,Jim & Andy: The Great Beyond,Jim & Andy: The Great Beyond (2017),Movie,2017,7.7,77,7.6,,,7.4,
tt8526872,Dolemite Is My Name,Dolemite Is My Name (2019),Movie,2019,7.3,76,7.1,97,,6.3,
tt2396589,Mudbound,Mudbound (2017),Movie,2017,7.4,85,7.5,97,,6.7,
tt0367110,Swades,Swades (2004),Movie,2004,8.2,,7.4,83,,6.7,
tt9412098,Fyre,Fyre (2019),Movie,2019,7.2,75,6.9,92,,6.5,
tt11388580,Miss Americana,Miss Americana (2020),Movie,2020,7.4,65,7.9,91,,6.2,
tt3455224,Virunga,Virunga (2014),Movie,2014,8.2,95,8,,,7.8,
tt11649338,Black Friday,Black Friday (2021),Movie,2021,,,9,,,,
tt4934950,Talvar,Talvar (2015),Movie,2015,8.2,,7.6,,,6.4,
tt7984766,The King,The King (2019),Movie,2019,7.2,62,7.2,71,,6.4,
tt8271714,John Mulaney: Kid Gorgeous at Radio City,John Mulaney: Kid Gorgeous at Radio City (2018),Movie,2018,8,,8,,,6.7,
tt6292852,I Am Mother,I Am Mother (2019),Movie,2019,6.7,64,6.7,91,,6.2,
tt10474134,Dime Qui√©n Soy: Mistress of War,Dime Qui√©n Soy: Mistress of War (2020‚Äì2021),TVSeries,2020,6.9,,7.6,,,5.9,
tt0407887,The Departed,The Departed (2006),Movie,2006,8.5,85,8.2,90,,7.9,
tt4908644,Winter on Fire: Ukraine's Fight for Freedom,Winter on Fire: Ukraine's Fight for Freedom (2015),Movie,2015,8.4,79,8,,,7,
tt0103064,Terminator 2: Judgment Day,Terminator 2: Judgment Day (1991),Movie,1991,8.5,75,8,,9.4,7.5,
tt9806192,I Lost My Body,I Lost My Body (2019),Movie,2019,7.6,81,7.6,96,,7.1,
tt1853728,Django Unchained,Django Unchained (2012),Movie,2012,8.4,81,8.1,,8.6,7.9,
tt9683478,The Half of It,The Half of It (2020),Movie,2020,6.9,74,7.2,97,,5.9,
tt7533152,The Boy Who Harnessed the Wind,The Boy Who Harnessed the Wind (2019),Movie,2019,7.6,68,8,86,,6.9,
tt7395114,The Devil All the Time,The Devil All the Time (2020),Movie,2020,7.1,55,7.3,64,,6.5,
tt2452386,The Fundamentals of Caring,The Fundamentals of Caring (2016),Movie,2016,7.3,55,7.3,,,6.4,
tt11161474,Pieces of a Woman,Pieces of a Woman (2020),Movie,2020,7.1,66,7.1,75,,6.5,
tt3748172,Gerald's Game,Gerald's Game (2017),Movie,2017,6.5,77,6.4,91,,5.6,
tt5607714,On Body and Soul,On Body and Soul (2017),Movie,2017,7.6,77,7.2,,,6.8,
tt1130884,Shutter Island,Shutter Island (2010),Movie,2010,8.2,63,8.2,,,7.6,
tt7374948,Always Be My Maybe,Always Be My Maybe (2019),Movie,2019,6.8,64,6.7,90,,5.2,
tt1675434,The Intouchables,The Intouchables (2011),Movie,2011,8.5,57,8.3,,,8,
tt10847306,Bill Burr: Paper Tiger,Bill Burr: Paper Tiger (2019),Movie,2019,8.2,,7.4,86,,7.1,
tt2377938,Special 26,Special 26 (2013),Movie,2013,8,,7.3,,,6,
tt8618654,Kiss the Ground,Kiss the Ground (2020),Movie,2020,8.3,,8.2,88,,7.3,
tt8923484,Crip Camp,Crip Camp (2020),Movie,2020,7.7,86,7.2,,,7,
tt8936646,Extraction,Extraction (2020),Movie,2020,6.7,56,7.4,67,,5.9,
tt0248126,Kabhi Khushi Kabhie Gham...,Kabhi Khushi Kabhie Gham... (2001),Movie,2001,7.4,,7.8,100,,6.9,
tt8508734,His House,His House (2020),Movie,2020,6.5,72,6.6,100,,5.5,
tt7019942,Super Deluxe,Super Deluxe (2019),Movie,2019,8.3,,7.9,80,,,
tt1289403,The Guernsey Literary and Potato Peel Pie Society,The Guernsey Literary and Potato Peel Pie Society (2018),Movie,2018,7.4,65,7.5,,,6.4,
tt3260524,A Secret Love,A Secret Love (2020),Movie,2020,7.9,77,7.5,100,,7,
tt6116856,The Night Comes for Us,The Night Comes for Us (2018),Movie,2018,7,69,6.9,91,,6.3,
tt0118715,The Big Lebowski,The Big Lebowski (1998),Movie,1998,8.1,71,7.9,,,7.6,
tt7218518,Pad Man,Pad Man (2018),Movie,2018,7.9,,7.4,,,7,
tt9351980,American Factory,American Factory (2019),Movie,2019,7.4,86,7.2,96,,6.6,
tt2737304,Bird Box,Bird Box (2018),Movie,2018,6.6,51,6.9,63,,5.7,
tt0253474,The Pianist,The Pianist (2002),Movie,2002,8.5,85,8.4,,,8.2,
tt1187043,3 Idiots,3 Idiots (2009),Movie,2009,8.4,67,8,100,,7.5,
tt4562518,The Distinguished Citizen,The Distinguished Citizen (2016),Movie,2016,7.5,,7.3,,,7.1,
tt6193408,A Shaun the Sheep Movie: Farmageddon,A Shaun the Sheep Movie: Farmageddon (2019),Movie,2019,6.8,79,7,,,6.3,
tt0066921,A Clockwork Orange,A Clockwork Orange (1971),Movie,1971,8.3,77,8.2,,,8.2,
tt1536537,What Happened to Monday,What Happened to Monday (2017),Movie,2017,6.9,47,7.2,,,5.7,
tt5087554,Anthony Jeselnik: Thoughts and Prayers,Anthony Jeselnik: Thoughts and Prayers (2015),Movie,2015,7.8,,7.5,100,,7,
tt6073176,The White Helmets,The White Helmets (2016),Movie,2016,7.5,,7.5,,,5.7,
tt6752992,Happy as Lazzaro,Happy as Lazzaro (2018),Movie,2018,7.5,87,7.5,,,7.2,
tt6333054,Chasing Coral,Chasing Coral (2017),Movie,2017,8.1,86,7.9,,,7.4,
tt0347304,Kal Ho Naa Ho,Kal Ho Naa Ho (2003),Movie,2003,7.9,54,7.5,70,,6.9,
tt0457430,Pan's Labyrinth,Pan's Labyrinth (2006),Movie,2006,8.2,98,7.7,95,,7.2,
tt5598216,Team Foxcatcher,Team Foxcatcher (2016),Movie,2016,7.3,,7.2,,,6.6,
tt1979320,Rush,Rush (2013),Movie,2013,8.1,74,7.7,,,7.2,
tt1156398,Zombieland,Zombieland (2009),Movie,2009,7.6,73,7.3,89,,6.6,
tt8580274,Eurovision Song Contest: The Story of Fire Saga,Eurovision Song Contest: The Story of Fire Saga (2020),Movie,2020,6.5,50,6.5,,,5.6,
tt4900716,Kapoor & Sons,Kapoor & Sons (2016),Movie,2016,7.7,,7.1,,,6.8,
tt7772580,The Perfection,The Perfection (2018),Movie,2018,6.1,60,6.6,,,5.6,
tt10810424,Dave Chappelle: Sticks & Stones,Dave Chappelle: Sticks & Stones (2019),Movie,2019,8.5,,7.7,35,,7,
tt0469494,There Will Be Blood,There Will Be Blood (2007),Movie,2007,8.2,93,8.1,,8.8,7.2,
tt0405159,Million Dollar Baby,Million Dollar Baby (2004),Movie,2004,8.1,86,8,90,,8,
tt1285016,The Social Network,The Social Network (2010),Movie,2010,7.7,95,7.3,,8.1,6.8,
tt2990140,The Christmas Chronicles,The Christmas Chronicles (2018),Movie,2018,7,52,7.1,,,5.6,
tt0095953,Rain Man,Rain Man (1988),Movie,1988,8,65,7.8,89,,7.4,
tt7320560,Cuba and the Cameraman,Cuba and the Cameraman (2017),Movie,2017,8.3,82,7.6,,,7.8,
tt5638642,The Ritual,The Ritual (2017),Movie,2017,6.3,57,6.2,,,5.4,
tt9506474,The Hater,The Hater (2020),Movie,2020,7.1,61,7,83,,6.4,
tt6016744,The Edge of Democracy,The Edge of Democracy (2019),Movie,2019,7.2,81,7.8,,,7.1,
tt7280898,22-Jul,22 July (2018),Movie,2018,6.8,69,7.2,81,,6,
tt9036126,Adam Sandler: 100% Fresh,Adam Sandler: 100% Fresh (2018),Movie,2018,7.6,,7.3,,,7.1,
tt0280720,The Guru,The Guru (2002),Movie,2002,5.4,47,5.1,57,,4,
tt6792282,A Twelve-Year Night,A Twelve-Year Night (2018),Movie,2018,7.6,,7.5,,,6.9,
tt4878482,Dumplin',Dumplin' (2018),Movie,2018,6.6,53,6.9,,,5.1,
tt0071315,Chinatown,Chinatown (1974),Movie,1974,8.1,92,7.9,,,7.9,
tt0327056,Mystic River,Mystic River (2003),Movie,2003,7.9,84,7.7,,8.2,8,
tt2980516,The Theory of Everything,The Theory of Everything (2014),Movie,2014,7.7,72,7.9,,,7,
tt8716334,Springsteen on Broadway,Springsteen on Broadway (2018),Movie,2018,8.5,87,8.1,,,8,
tt10627584,The Life Ahead,The Life Ahead (2020),Movie,2020,6.8,66,6.7,92,,6.1,
tt0362227,The Terminal,The Terminal (2004),Movie,2004,7.4,55,7.3,61,,6.5,
tt0446029,Scott Pilgrim vs. the World,Scott Pilgrim vs. the World (2010),Movie,2010,7.5,69,7.4,,,6.6,
tt1787660,Being Elmo: A Puppeteer's Journey,Being Elmo: A Puppeteer's Journey (2011),Movie,2011,7.6,71,7.4,95,,6.9,
tt0079470,Monty Python's Life of Brian,Monty Python's Life of Brian (1979),Movie,1979,8.1,77,7.8,,,7.9,
tt4610378,The Resistance Banker,The Resistance Banker (2018),Movie,2018,6.9,,6.7,100,,5.8,
tt1333125,Movie 43,Movie 43 (2013),Movie,2013,4.3,18,4.5,,4.2,4.1,
tt3922798,The Siege of Jadotville,The Siege of Jadotville (2016),Movie,2016,7.2,,7.2,64,,6.2,
tt4846318,Into the Inferno,Into the Inferno (2016),Movie,2016,7.2,76,7,,,6.8,
tt7830574,Ricky Gervais: Humanity,Ricky Gervais: Humanity (2018),Movie,2018,8,,7.8,,,7.3,
tt11958344,A Whisker Away,A Whisker Away (2020),Movie,2020,6.7,,8.1,,,6.1,
tt4925292,Lady Bird,Lady Bird (2017),Movie,2017,7.4,94,7.3,,,6.6,
tt0257044,Road to Perdition,Road to Perdition (2002),Movie,2002,7.7,72,7.4,81,,7.6,
tt0118749,Boogie Nights,Boogie Nights (1997),Movie,1997,7.9,85,7.6,93,,7.3,
tt0100802,Total Recall,Total Recall (1990),Movie,1990,7.5,57,7.2,,9.7,6.8,
tt14544192,Inside,Inside (2021),Movie,2021,8.9,,8.3,90,,7.9,
tt0099348,Dances with Wolves,Dances with Wolves (1990),Movie,1990,8,72,7.9,,,7.4,
tt4434004,Udta Punjab,Udta Punjab (2016),Movie,2016,7.8,,7.2,,,6.4,
tt6967980,Seeking True Love,Seeking True Love (2017),Movie,2017,7.5,,6.8,,,5.8,
tt4730986,Divines,Divines (2016),Movie,2016,7.4,71,7.8,84,,6.7,
tt7252000,Maktub,Maktub (2017),Movie,2017,7.4,,6.7,,,6.4,
tt6692354,Ittefaq,Ittefaq (2017),Movie,2017,7.2,,7,,,6.4,
tt8465676,Hannah Gadsby: Nanette,Hannah Gadsby: Nanette (2018),Movie,2018,8.3,,8.2,100,,7.8,
tt7410684,Ali Wong: Hard Knock Wife,Ali Wong: Hard Knock Wife (2018),Movie,2018,7.4,,7,100,,7,
tt0814314,Seven Pounds,Seven Pounds (2008),Movie,2008,7.6,36,7.6,,,7.1,
tt5727208,Uncut Gems,Uncut Gems (2019),Movie,2019,7.4,91,7.1,,,6.6,
tt0486655,Stardust,Stardust (2007),Movie,2007,7.6,66,7.2,77,,6.6,
tt5723286,Wheelman,Wheelman (2017),Movie,2017,6.4,66,6.1,,,5.5,
tt1655442,The Artist,The Artist (2011),Movie,2011,7.9,89,7.4,,,7.6,
tt7121252,On My Skin: The Last Seven Days of Stefano Cucchi,On My Skin: The Last Seven Days of Stefano Cucchi (2018),Movie,2018,7.3,,8.1,,,6.9,
tt7291268,Gaga: Five Foot Two,Gaga: Five Foot Two (2017),Movie,2017,7,63,7.6,,,6.3,
tt0970179,Hugo,Hugo (2011),Movie,2011,7.5,83,7.2,,9.1,6.8,
tt1649419,The Impossible,The Impossible (2012),Movie,2012,7.6,73,7.3,,,6.8,
tt2005151,War Dogs,War Dogs (2016),Movie,2016,7.1,57,6.9,61,,6.3,
tt1220719,Ip Man,Ip Man (2008),Movie,2008,8,59,7.7,86,,7.3,
tt12038300,The Speed Cubers,The Speed Cubers (2020),Movie,2020,7.4,,7.6,100,,6.5,
tt11163014,Mike Birbiglia: The New One,Mike Birbiglia: The New One (2019),Movie,2019,7.7,,7.3,100,,7,
tt5323662,A Silent Voice: The Movie,A Silent Voice: The Movie (2016),Movie,2016,8.2,78,8.4,,,7.2,
tt4729430,Klaus,Klaus (2019),Movie,2019,8.2,65,8.3,,,7.6,
tt3774114,Snowden,Snowden (2016),Movie,2016,7.3,58,7.1,,,6.4,
tt0382625,The Da Vinci Code,The Da Vinci Code (2006),Movie,2006,6.6,46,6.7,,6.7,5.7,
tt0420223,Stranger Than Fiction,Stranger Than Fiction (2006),Movie,2006,7.5,67,7.3,73,,6.9,
tt1285241,Don 2,Don 2 (2011),Movie,2011,7.1,49,7,,8,5.8,
tt1925421,Elena,Elena (2011),Movie,2011,7.3,87,7.3,,,6.9,
tt2334649,Fruitvale Station,Fruitvale Station (2013),Movie,2013,7.5,85,7.4,,,6.4,
tt5649144,The Florida Project,The Florida Project (2017),Movie,2017,7.6,92,7.4,96,,7.1,
tt8132700,Behind the Curve,Behind the Curve (2018),Movie,2018,6.5,,6.2,,,5.4,
tt1212450,Lawless,Lawless (2012),Movie,2012,7.3,58,7,,7.9,6.2,
tt0830515,Quantum of Solace,Quantum of Solace (2008),Movie,2008,6.6,58,6.3,64,,5.9,
tt1560747,The Master,The Master (2012),Movie,2012,7.2,86,7.2,,6,6.3,
tt0375912,Layer Cake,Layer Cake (2004),Movie,2004,7.3,73,7,,6.9,6.8,
tt0817177,Flipped,Flipped (2010),Movie,2010,7.7,45,7.8,,8.3,6.9,
tt0397535,Memoirs of a Geisha,Memoirs of a Geisha (2005),Movie,2005,7.4,54,7.7,,9,6.9,
tt0079501,Mad Max,Mad Max (1979),Movie,1979,6.9,73,6.7,90,,6.6,
tt6776106,And Breathe Normally,And Breathe Normally (2018),Movie,2018,6.9,77,6.9,,,6.7,
tt5715874,The Killing of a Sacred Deer,The Killing of a Sacred Deer (2017),Movie,2017,7,73,7,80,,6.6,
tt5519340,Bright,Bright (2017),Movie,2017,6.3,29,6.2,,,5.1,
tt1068680,Yes Man,Yes Man (2008),Movie,2008,6.8,46,6.6,,,5.8,
tt1618434,Murder Mystery,Murder Mystery (2019),Movie,2019,6,38,6.3,,,4.4,
tt1401152,Unknown,Unknown (2011),Movie,2011,6.8,56,6.6,,8.2,6.2,
tt8106534,6 Underground,6 Underground (2019),Movie,2019,6.1,41,6.3,36,,5,
tt9261218,Uncorked,Uncorked (2020),Movie,2020,6.3,62,6.1,91,,5.3,
tt8959820,Petta,Petta (2019),Movie,2019,7.3,,7,67,,,
tt0058385,My Fair Lady,My Fair Lady (1964),Movie,1964,7.8,95,7.6,95,,7.6,
tt5566790,A Futile and Stupid Gesture,A Futile and Stupid Gesture (2018),Movie,2018,6.8,55,6.5,67,,5.7,
tt3661210,The Dig,The Dig (2021),Movie,2021,7.1,73,5.9,88,,6.4,
tt0250494,Legally Blonde,Legally Blonde (2001),Movie,2001,6.3,59,6.7,70,,4.4,
tt1496025,Underworld: Awakening,Underworld: Awakening (2012),Movie,2012,6.4,39,6.3,,8.2,5.1,
tt2431286,Philomena,Philomena (2013),Movie,2013,7.6,77,7.4,,8.3,6.7,
tt6452574,Sanju,Sanju (2018),Movie,2018,7.7,,7.5,,,6.1,
tt0365545,Nappily Ever After,Nappily Ever After (2018),Movie,2018,6.4,63,7.3,67,,5.1,
tt9893250,I Care a Lot,I Care a Lot (2020),Movie,2020,6.3,66,6.7,,,5.9,
tt1327773,Lee Daniels' The Butler,Lee Daniels' The Butler (2013),Movie,2013,7.2,65,7.4,,,6.6,
tt7399470,Qarib Qarib Single,Qarib Qarib Single (2017),Movie,2017,7.1,,7.1,89,,5.6,
tt1315981,A Single Man,A Single Man (2009),Movie,2009,7.6,77,7.3,,9.8,6.8,
tt2224026,Home,Home (2015),Movie,2015,6.6,55,6.8,52,,5.6,
tt1007028,Zack and Miri Make a Porno,Zack and Miri Make a Porno (2008),Movie,2008,6.5,56,6.2,,1,5.1,
tt3799232,The Kissing Booth,The Kissing Booth (2018),Movie,2018,6,,7.3,,,4.5,
tt5022702,Hush,Hush (2016),Movie,2016,6.6,67,6.8,,,5.5,
tt10456740,Lost Bullet,Lost Bullet (2020),Movie,2020,6.2,78,6.7,,,5.6,
tt0292490,Dil Chahta Hai,Dil Chahta Hai (2001),Movie,2001,8.1,,7,,,6.2,
tt0126886,Election,Election (1999),Movie,1999,7.2,83,6.8,92,,6.5,
tt0305973,Sonny,Sonny (2002),Movie,2002,5.6,31,4.9,,,5.6,
tt1764234,Killing Them Softly,Killing Them Softly (2012),Movie,2012,6.2,64,6,,6.2,5.8,
tt0244244,Swordfish,Swordfish (2001),Movie,2001,6.5,32,6.2,25,,6,
tt5562070,Wish Dragon,Wish Dragon (2021),Movie,2021,7.2,60,8.2,65,,6.4,
tt0190138,The Whole Nine Yards,The Whole Nine Yards (2000),Movie,2000,6.7,47,6.5,43,,6.1,
tt5155780,The Discovery,The Discovery (2017),Movie,2017,6.3,54,6.3,,,5.3,
tt0482606,The Strangers,The Strangers (2008),Movie,2008,6.2,47,6.1,48,,5.1,
tt1911658,Penguins of Madagascar,Penguins of Madagascar (2014),Movie,2014,6.7,53,6.5,,,5.4,
tt0111573,The Voyeur,The Voyeur (1994),Movie,1994,5.6,,4.7,,,4.7,
tt4695012,It Comes at Night,It Comes at Night (2017),Movie,2017,6.2,78,5.8,,,5.4,
tt0368008,The Manchurian Candidate,The Manchurian Candidate (2004),Movie,2004,6.6,76,6.4,80,,6,
tt4738174,Bon Cop Bad Cop 2,Bon Cop Bad Cop 2 (2017),Movie,2017,6.7,,6.4,75,,5.4,
tt0440803,Shutter,Shutter (2004),Movie,2004,7.1,,7.2,58,,6.2,
tt4129428,Jagga Jasoos,Jagga Jasoos (2017),Movie,2017,6.5,,5.9,83,,6,
tt7497366,The Burial of Kojo,The Burial of Kojo (2018),Movie,2018,6.5,93,6.8,,,6.1,
tt0389790,Bee Movie,Bee Movie (2007),Movie,2007,6.1,54,6,,8.2,5.4,
tt2566644,Seoul Searching,Seoul Searching (2015),Movie,2015,7,63,7.3,,,6.3,
tt1691916,Before I Fall,Before I Fall (2017),Movie,2017,6.5,58,7,,,5.6,
tt6306064,Adrift,Adrift (2018),Movie,2018,6.6,56,6.8,,,5.7,
tt7455754,The Game Changers,The Game Changers (2018),Movie,2018,7.9,,7.3,70,,6.5,
tt9777644,Da 5 Bloods,Da 5 Bloods (2020),Movie,2020,6.5,82,6.6,92,,5.3,
tt1440728,The American,The American (2010),Movie,2010,6.3,61,5.9,,10,5.2,
tt4807408,The Best of Enemies,The Best of Enemies (2019),Movie,2019,7.2,49,7.4,53,,6.7,
tt7057496,Forgotten,Forgotten (2017),Movie,2017,7.5,,8,,,6.7,
tt1023111,Never Back Down,Never Back Down (2008),Movie,2008,6.6,39,6.7,23,,5.6,
tt1821480,Kahaani,Kahaani (2012),Movie,2012,8.1,,7.3,,,6.6,
tt7530986,Lady J,Lady J (2018),Movie,2018,6.9,,6.3,,,6.2,
tt0373926,The Interpreter,The Interpreter (2005),Movie,2005,6.4,62,6.3,,8.8,6,
tt0277371,Not Another Teen Movie,Not Another Teen Movie (2001),Movie,2001,5.7,32,5.7,29,,5,
tt2548396,The Cloverfield Paradox,The Cloverfield Paradox (2018),Movie,2018,5.5,37,5.6,,,4.8,
tt7933796,Disclosure,Disclosure (2020),Movie,2020,5.6,,7,100,,,
tt4382552,Hot Girls Wanted,Hot Girls Wanted (2015),Movie,2015,6.1,,6,,,5.5,
tt2101341,Dead Man Down,Dead Man Down (2013),Movie,2013,6.5,39,6.1,,7.3,5.7,
tt1135084,Takers,Takers (2010),Movie,2010,6.2,45,6.2,,7.1,5.5,
tt10189514,Soorarai Pottru,Soorarai Pottru (2020),Movie,2020,9.1,,8.3,,,,
tt0103976,City of Joy,City of Joy (1992),Movie,1992,6.5,,6.6,,,6.4,
tt4273292,Under the Shadow,Under the Shadow (2016),Movie,2016,6.9,83,6.5,,,5.8,
tt8099236,The Silence of Others,The Silence of Others (2018),Movie,2018,8,73,8.1,,,7.7,
tt0457510,Nacho Libre,Nacho Libre (2006),Movie,2006,5.8,52,6.2,,,4.3,
tt1186367,Ninja Assassin,Ninja Assassin (2009),Movie,2009,6.3,34,6.5,,7.5,5.2,
tt9067182,Rocks,Rocks (2019),Movie,2019,7.5,96,6.8,97,,6.3,
tt1800741,Step Up Revolution,Step Up Revolution (2012),Movie,2012,6.4,43,6.9,,,5.2,
tt7525778,The Package,The Package (2018),Movie,2018,5.5,,6,,,4.6,
tt4357394,Tau,Tau (2018),Movie,2018,5.8,43,6.2,,,4.9,
tt1240982,Your Highness,Your Highness (2011),Movie,2011,5.5,31,5.3,,7.3,4.2,
tt0346491,Alexander,Alexander (2004),Movie,2004,5.6,39,5.9,16,,5.2,
tt3907584,All the Bright Places,All the Bright Places (2020),Movie,2020,6.5,61,7.7,,,5.8,
tt0088194,Streets of Fire,Streets of Fire (1984),Movie,1984,6.7,59,6.8,69,,6.3,
tt2072233,Sleepless,Sleepless (2017),Movie,2017,5.6,34,5.9,,,4.7,
tt5785170,Toilet: A Love Story,Toilet: A Love Story (2017),Movie,2017,7.2,,7,23,,6.2,
tt4995790,The Square,The Square (2017),Movie,2017,7.2,73,6.8,,,6.4,
tt0093886,Roxanne,Roxanne (1987),Movie,1987,6.6,73,6.4,,,5.7,
tt5946128,Dear Zindagi,Dear Zindagi (2016),Movie,2016,7.6,,7,,,6.2,
tt0270053,Vizontele,Vizontele (2001),Movie,2001,8,,7.2,,,6.2,
tt8231668,Good on Paper,Good on Paper (2021),Movie,2021,5.6,54,5.7,51,,4.5,
tt5690810,Ophelia,Ophelia (2018),Movie,2018,6.6,60,7.4,61,,5.8,
tt7315484,The Silence,The Silence (2019),Movie,2019,5.3,25,6.1,29,,4.4,
tt3444312,Abducted in Plain Sight,Abducted in Plain Sight (2017),Movie,2017,6.8,,6.4,,,6.3,
tt1072748,Winchester,Winchester (2018),Movie,2018,5.5,28,5.9,,,4.5,
tt5034266,Our Souls at Night,Our Souls at Night (2017),Movie,2017,6.9,69,6.7,89,,5.9,
tt0097647,The Karate Kid Part III,The Karate Kid Part III (1989),Movie,1989,5.3,36,5.9,13,,4.2,
tt11027830,Haseen Dillruba - Herzergreifend sch√∂n,Haseen Dillruba - Herzergreifend sch√∂n (2021),Movie,2021,6.7,,6.3,58,,6.1,
tt2407418,Sample This,Sample This (2012),Movie,2012,6.4,64,6.7,93,,6.2,
tt0144120,Bride of Chucky,Bride of Chucky (1998),Movie,1998,5.4,48,5.9,50,,3.9,
tt0462128,The New Adventures of Old Christine,The New Adventures of Old Christine (TV Series 2006‚Äì2010),TVSeries,2006,7.1,64,6.9,,7.4,5.8,
tt2403021,The Green Inferno,The Green Inferno (2013),Movie,2013,5.3,38,5.5,,,4.8,
tt8258074,Fantastic Fungi,Fantastic Fungi (2019),Movie,2019,7.8,70,7.2,,,6.8,
tt0157183,West Beirut,West Beirut (1998),Movie,1998,7.7,,7.8,,,7,
tt2386404,He Never Died,He Never Died (2015),Movie,2015,6.4,72,6.1,,,5.6,
tt1821658,The Nut Job,The Nut Job (2014),Movie,2014,5.7,37,5.7,,,4.9,
tt2338454,Unicorn Store,Unicorn Store (2017),Movie,2017,5.5,44,6,64,,4.8,
tt5688996,Alex Strangelove,Alex Strangelove (2018),Movie,2018,6.3,62,6.6,81,,5.6,
tt1024943,Om Shanti Om,Om Shanti Om (2007),Movie,2007,6.7,,7,,,6.7,
tt1045778,Year One,Year One (2009),Movie,2009,4.9,34,4.9,14,,3.5,
tt9110340,Andhaghaaram,Andhaghaaram (2020),Movie,2020,7.8,,7.8,,,,
tt1411704,Hop,Hop (2011),Movie,2011,5.4,41,5.7,,,4.4,
tt0150176,Coming Soon,Coming Soon (1999),Movie,1999,4.4,44,5.6,,,4.8,
tt0134067,The Rugrats Movie,The Rugrats Movie (1998),Movie,1998,5.9,,6.2,59,,5.2,
tt2004304,Mission Blue,Mission Blue (2014),Movie,2014,7.9,77,7.5,,,7.3,
tt0118708,Beverly Hills Ninja,Beverly Hills Ninja (1997),Movie,1997,5.6,27,5.7,14,,3.1,
tt1540128,Playing for Keeps,Playing for Keeps (2012),Movie,2012,5.7,27,5.6,,,4.5,
tt0377309,Survival Island,Survival Island (2005),Movie,2005,4.9,,5,,,3.7,
tt0899106,Love Happens,Love Happens (2009),Movie,2009,5.7,33,5.9,,,4.6,
tt8426594,The Wind,The Wind (2018),Movie,2018,5.6,66,5.7,81,,5.1,
tt2589132,Habibie & Ainun,Habibie & Ainun (2012),Movie,2012,7.6,,7.3,,,,
tt10714856,Feel the Beat,Feel the Beat (2020),Movie,2020,6.3,,7.8,50,,5,
tt11604676,Nayattu,Nayattu (2021),Movie,2021,8.2,,7.6,100,,,
tt0051390,Cairo Station,Cairo Station (1958),Movie,1958,7.6,,7.4,100,,7.4,
tt8312792,No Longer Kids,No Longer Kids (1979),Movie,1979,9,,7.9,,,,
tt13392012,Demonic,Demonic (2021),Movie,2021,,36,5,15,,3.7,
tt8169446,Wine Country,Wine Country (2019),Movie,2019,5.5,56,5.5,66,,4.3,
tt4771896,The Fury of a Patient Man,The Fury of a Patient Man (2016),Movie,2016,6.8,,6.6,,,6.9,
tt8242160,4L,4L (2019),Movie,2019,5.9,,5.8,57,,5,
tt7957694,The Last Summer,The Last Summer (2019),Movie,2019,5.6,,6.1,29,,4.1,
tt0806102,Jeff Dunham: Arguing with Myself,Jeff Dunham: Arguing with Myself (2006),Movie,2006,8,,6.6,,,6.6,
tt0385426,Initial D,Initial D (TV Series 1998),TVSeries,1998,8.4,,7.4,,,7.3,
tt2933544,5 Flights Up,5 Flights Up (2014),Movie,2014,6.2,55,5.9,,,5.5,
tt13323092,Murder by the Coast,Murder by the Coast (2021),Movie,2021,,,6.5,,,6.3,
tt2008633,Radio Rebel,Radio Rebel (2012),Movie,2012,5.9,,6.2,,,3.7,
tt2210441,Bittersweet,Bittersweet (2010),Movie,2010,7.9,,7,,,,
tt4909752,Rangoon,Rangoon (2017),Movie,2017,5.6,,6,,,6.2,
tt5246700,How It Ends,How It Ends (2018),Movie,2018,5,36,5.3,17,,4.1,
tt2404027,Arjun: The Warrior Prince,Arjun: The Warrior Prince (2012),Movie,2012,6.8,,6,,,5.4,
tt7853242,Love Per Square Foot,Love Per Square Foot (2018),Movie,2018,7.2,,6.7,,,5.4,
tt12939812,Nail Bomber: Manhunt,Nail Bomber: Manhunt (2021),Movie,2021,6.3,,6.8,,,5.8,
tt11240506,Nobody Sleeps in the Woods Tonight,Nobody Sleeps in the Woods Tonight (2020),Movie,2020,4.8,,5,67,,4.2,
tt0479647,Bon Cop Bad Cop,Bon Cop Bad Cop (2006),Movie,2006,6.8,,6.4,80,,5.6,
tt3256226,IO,IO (2019),Movie,2019,4.7,40,4.8,31,,4.2,
tt8734822,My Little Pony: Best Gift Ever,My Little Pony: Best Gift Ever (2018),Movie,2018,8.1,,7.6,100,,,
tt6333052,Casting JonBenet,Casting JonBenet (2017),Movie,2017,6.1,74,5.8,,,5.9,
tt2978102,Term Life,Term Life (2016),Movie,2016,5.6,23,5.9,0,,4.6,
tt7794052,Merku Thodarchi Malai,Merku Thodarchi Malai (2018),Movie,2018,8.6,,7.4,,,,
tt7260048,Outside In,Outside In (2017),Movie,2017,6.7,76,6.3,,,6.2,
tt3255590,El Camino Christmas,El Camino Christmas (2017),Movie,2017,5.7,,5.6,,,4.9,
tt6186696,The Most Assassinated Woman in the World,The Most Assassinated Woman in the World (2018),Movie,2018,5.3,,5.1,86,,4.4,
tt1805263,I Am Kalam,I Am Kalam (2010),Movie,2010,8,,7.3,,,,
tt6774588,Curtiz,Curtiz (2018),Movie,2018,6,,6.3,,,5.7,
tt5884234,First Kill,First Kill (2017),Movie,2017,5,39,5.4,,,4.2,
tt6892462,The World Is Yours,The World Is Yours (2018),Movie,2018,6.4,73,6.9,,,5.5,
tt0436724,Rize,Rize (2005),Movie,2005,7.1,74,6.7,,,6.6,
tt0082405,The Four Seasons,The Four Seasons (1981),Movie,1981,6.9,55,6.5,,,6.5,
tt3554418,Khoobsurat,Khoobsurat (2014),Movie,2014,6.4,,6.8,,,,
tt4936176,Mascots,Mascots (2016),Movie,2016,5.8,57,5.4,,,4.7,
tt9711282,Canvas,Canvas (2020),Movie,2020,6.5,,6.5,,,5.5,
tt7321274,Kingdom of Us,Kingdom of Us (2017),Movie,2017,7,,7.1,,,6.3,
tt2724532,Gridlocked,Gridlocked (2015),Movie,2015,5.8,,5.7,42,,4.7,
tt8055888,Mard Ko Dard Nahin Hota,Mard Ko Dard Nahin Hota (2018),Movie,2018,7.4,,7,,,6.2,
tt7193448,Craig Ferguson: Tickle Fight,Craig Ferguson: Tickle Fight (2017),Movie,2017,6.6,,6.1,,,6.1,
tt1295909,Jeff Dunham's Very Special Christmas Special,Jeff Dunham's Very Special Christmas Special (2008),Movie,2008,7.5,,6.8,,9,6.3,
tt4181052,Special Correspondents,Special Correspondents (2016),Movie,2016,5.8,36,5.7,,,4.7,
tt4086018,Charming,Charming (2018),Movie,2018,5.6,,6.4,,,4.4,
tt8286926,Njan Prakashan,Njan Prakashan (2018),Movie,2018,7.6,,6.8,,,,
tt0099429,Dil,Dil (1990),Movie,1990,6.7,,6.6,,,,
tt5687236,Blood Will Tell,Blood Will Tell (2019),Movie,2019,6.1,,6.2,100,,5.7,
tt6851966,Nigerian Prince,Nigerian Prince (2018),Movie,2018,5.8,61,5.3,100,,6.2,
tt6081882,Iliza Shlesinger: Confirmed Kills,Iliza Shlesinger: Confirmed Kills (2016),Movie,2016,6.6,,6.3,,,,
tt1785288,An Ordinary Man,An Ordinary Man (2017),Movie,2017,5.6,52,6.3,41,,5.3,
tt8743032,The Silence of the Marsh,The Silence of the Marsh (2019),Movie,2019,4.9,,5.3,,,5,
tt4717402,MFKZ,MFKZ (2017),Movie,2017,6.7,48,7.1,,,6.5,
tt4842646,The Most Hated Woman in America,The Most Hated Woman in America (2017),Movie,2017,6.1,41,6.1,,,5.4,
tt0119250,Fireworks,Fireworks (1997),Movie,1997,7.8,,7.7,96,,7.3,
tt3692768,"The Other One: The Long, Strange Trip of Bob Weir","The Other One: The Long, Strange Trip of Bob Weir (2014)",Movie,2014,7.3,,7.2,,,6.5,
tt3175888,Dukhtar,Dukhtar (2014),Movie,2014,7,73,6.8,,,6.4,
tt4170436,That Thing Called Tadhana,That Thing Called Tadhana (2014),Movie,2014,7.5,,6.1,,,,
tt2769454,Must Be... Love,Must Be... Love (2013),Movie,2013,6.8,,5.9,,,,
tt6988208,House of the Witch,House of the Witch (2017),Movie,2017,4.3,,4.6,,,3.2,
tt6514196,Baazaar,Baazaar (2018),Movie,2018,6.6,,6.4,30,,,
tt5896962,Line Walker,Line Walker (2016),Movie,2016,6.1,,6,,,5.7,
tt5286440,Tim Minchin So F**king Rock,Tim Minchin So F**king Rock (2008),Movie,2008,8.1,,7.4,,,,
tt8393332,Twin Murders: The Silence of the White City,Twin Murders: The Silence of the White City (2019),Movie,2019,5.2,,5.6,,,4.5,
tt2934844,Jinxed,Jinxed (2013),Movie,2013,6.5,,6.6,,,,
tt2163203,Big Time Movie,Big Time Movie (2012),Movie,2012,6.4,,7.6,,,2.8,
tt4209802,Jeff Dunham: All Over the Map,Jeff Dunham: All Over the Map (2014),Movie,2014,7.1,,5.4,,,,
tt2616880,The Blue Umbrella,The Blue Umbrella (2013),Movie,2013,7.6,,7.6,,,6.6,
tt7968976,Weed the People,Weed the People (2018),Movie,2018,7.2,,8,,,,
tt6119504,#Realityhigh,#Realityhigh (2017),Movie,2017,5.2,,6.4,40,,3.9,
tt5038776,Jeff Dunham: Unhinged in Hollywood,Jeff Dunham: Unhinged in Hollywood (2015),Movie,2015,6.7,,5.9,,,,
tt1507002,Bottom of the 9th,Bottom of the 9th (2019),Movie,2019,5.6,58,5.7,69,,5,
tt1715873,10 Years,10 Years (2011),Movie,2011,6.1,61,5.9,,,5.5,
tt8172466,Backdraft 2,Backdraft 2 (2019),Movie,2019,4.9,,6.6,,,3.9,
tt0318649,Sahara,Sahara (2005),Movie,2005,6,41,5.8,,8,4.3,
tt4328934,Taramani,Taramani (2017),Movie,2017,7.5,,6.6,,,,
tt4957236,Cosmos Laundromat,Cosmos Laundromat (2015),Movie,2015,7.1,,6.5,,,6.1,
tt11540012,The Witness Who Didn't See Anything,The Witness Who Didn't See Anything (1976),Movie,1976,8.4,,7.7,,,,
tt7155460,Muramba,Muramba (2017),Movie,2017,8,,7.9,,,,
tt0216817,Hum Saath-Saath Hain: We Stand United,Hum Saath-Saath Hain: We Stand United (1999),Movie,1999,6.2,,6,,,,
tt0494290,Vivah,Vivah (2006),Movie,2006,6.6,,6.4,,,,
tt10230436,Yeh Ballet,Yeh Ballet (2020),Movie,2020,7.6,,7.5,100,,6.4,
tt5096470,Love Wedding Repeat,Love Wedding Repeat (2020),Movie,2020,5.5,41,5.7,35,,4.2,
tt1910649,Tom Papa: Live in New York City,Tom Papa: Live in New York City (2011),Movie,2011,7.2,,6.1,,,,
tt11818430,The Drowning,The Drowning (2021),TVSeries,2021,5.5,,5.3,,,5.4,
tt10682000,Sound & Fury,Sound & Fury (2019),Movie,2019,6.4,,6.5,,,5.7,
tt0083365,Zoot Suit,Zoot Suit (1981),Movie,1981,6.8,,6.5,60,,6.7,
tt2247696,Out of the Clear Blue Sky,Out of the Clear Blue Sky (2012),Movie,2012,6.7,92,6.9,,,,
tt10768194,A New York Christmas Wedding,A New York Christmas Wedding (2020),Movie,2020,5.4,,6.3,,,,
tt1978480,Mosquita y Mari,Mosquita y Mari (2012),Movie,2012,6.3,66,6.5,,,6,
tt5140248,The Beginning of Life,The Beginning of Life (2016),Movie,2016,7.6,,7.7,,,6.8,
tt2585562,Pizza,Pizza (2012),Movie,2012,8,,6.7,,,,
tt0405325,Sky High,Sky High (2005),Movie,2005,6.2,62,6.2,73,,4.8,
tt4686108,Love Beats Rhymes,Love Beats Rhymes (2017),Movie,2017,5.5,54,5.8,,,4.6,
tt0114231,Ram Jaane: God Knows,Ram Jaane: God Knows (1995),Movie,1995,5.4,,5.1,,,,
tt13866142,Wish You,Wish You (2021),Movie,2021,6.5,,8.6,,,5.2,
tt4796634,Selfie 69,Selfie 69 (2016),Movie,2016,6.2,,6.8,,,,
tt13926994,Brian Regan: On the Rocks,Brian Regan: On the Rocks (2021),Movie,2021,6.9,,7.1,,,,
tt3149536,A Fairly Odd Summer,A Fairly Odd Summer (2014),Movie,2014,3.8,,5.8,,,,
tt9735976,Wheels of Fortune,Wheels of Fortune (2020),Movie,2020,5.4,,5.3,,,,
tt9010900,Boi,Boi (2019),Movie,2019,5,,5,,,5.2,
tt11156674,Babae at baril,Babae at baril (2019),Movie,2019,5.8,,6.1,,,,
tt0104145,Casino Tycoon,Casino Tycoon (1992),Movie,1992,6,,6,,,,
tt6936350,Born Racer,Born Racer (2018),Movie,2018,6,,7.7,,,,
tt0102058,Hors la vie,Hors la vie (1991),Movie,1991,6.8,,5.9,,,,
tt7151438,Finally Found Someone,Finally Found Someone (2017),Movie,2017,5.8,,6.2,60,,,
tt8791912,Amrapali,Amrapali (2002‚Äì2003),TVSeries,2002,,,,,,,
tt4678200,Judge Singh LLB,Judge Singh LLB (2015),Movie,2015,7.3,,8,,,,
tt10549360,BlackRose,BlackRose (2018),Movie,2018,8,,,,,,
tt4131240,West Coast,West Coast (2016),Movie,2016,5.8,,5.6,,,4.6,
tt0416857,The Insomniac,The Insomniac (1971),Movie,1971,6.2,,8,,,,
tt10228168,First Love,First Love (2019),Movie,2019,6.8,77,6.8,97,,6.1,
tt9094112,Willy and the Guardians of the Lake,Willy and the Guardians of the Lake (2018),Movie,2018,6.5,,6.2,,,5.7,
tt1105747,Yuvvraaj,Yuvvraaj (2008),Movie,2008,4.1,,5,,,,
tt4607228,Le secret des banquises,Le secret des banquises (2016),Movie,2016,5.2,,4.9,,,3.7,
tt11194492,Wira,Wira (2019),Movie,2019,6.3,,5.4,,,,
tt7262990,Deadcon,Deadcon (2019),Movie,2019,2.8,,3.7,50,,,
tt0092005,Stand by Me,Stand by Me (1986),Movie,1986,8.1,75,7.9,,,7.3,
tt3257794,Music Teacher,Music Teacher (2019),Movie,2019,6.3,,6,67,,,
tt1726871,Stray Bullet,Stray Bullet (2010),Movie,2010,6.2,,6,,,,
tt0174336,Whipped,Whipped (2000),Movie,2000,4.5,10,3.8,13,,4.1,
tt10066526,Mantan Manten,Mantan Manten (2019),Movie,2019,7.1,,6.5,,,,
tt2343157,Vanderpump Rules,Vanderpump Rules (2013‚Äì ),TVSeries,2013,5.4,,7,,,,
tt0075314,Taxi Driver,Taxi Driver (1976),Movie,1976,8.2,94,8.2,,9.3,8.1,
tt6034164,Arrest Letter,Arrest Letter (2017),Movie,2017,4.5,,5.3,,,,
tt7177642,Khido Khundi,Khido Khundi (2018),Movie,2018,6.5,,7,,,,
tt11916314,Dark City Beneath the Beat,Dark City Beneath the Beat (2020),Movie,2020,6.6,,7,,,,
tt0169599,Beyrouth ya Beyrouth,Beyrouth ya Beyrouth (1975),Movie,1975,6.7,,7.3,,,,
tt7895904,Family Blood,Family Blood (2018),Movie,2018,4.2,,4.7,,,3.5,
tt7286456,Joker,Joker (2019),Movie,2019,8.4,59,8.2,,,8,
tt12282600,This Lady Called Life,This Lady Called Life (2020),Movie,2020,6.3,,,,,,
tt6043142,Skin,Skin (2018),Movie,2018,6.9,58,6.9,,,6,
tt0309276,The American Game,The American Game (1979),Movie,1979,8.3,,,,,,
tt10038660,"Our Lady of San Juan, Four Centuries of Miracles","Our Lady of San Juan, Four Centuries of Miracles (2021)",Movie,2021,5.9,,7.8,,,,
tt5069058,Candyflip,Candyflip (2017),Movie,2017,6,,4,,,,
tt8251336,Nadie sabr√° nunca,Nadie sabr√° nunca (2018),Movie,2018,6.1,,5.6,,,5.8,
tt4778424,The Blind Christ,The Blind Christ (2016),Movie,2016,5.8,,5,,,5.6,
tt0317355,Dhoondte Reh Jaaoge!,Dhoondte Reh Jaaoge! (1998),Movie,1998,4.9,,,,,,
tt10087988,Super Monsters Furever Friends,Super Monsters Furever Friends (2019),Movie,2019,5.5,,6.2,,,,
tt1730705,The Mirror Boy,The Mirror Boy (2011),Movie,2011,4.9,,,,,,
tt8731842,Odu Raja Odu,Odu Raja Odu (2018),Movie,2018,7,,6.5,,,,
tt6877886,Mexicanos de Bronce,Mexicanos de Bronce (2016),Movie,2016,6.6,,5.8,,,,
tt1372266,Kisaan,Kisaan (2009),Movie,2009,5.4,,6.5,,,,
tt11005162,Elevator Baby,Elevator Baby (2019),Movie,2019,7,,,,,,
tt3396114,The Christmas Trap,The Christmas Trap (2018),Movie,2018,5.8,,6.3,,,4.1,
tt5244812,Riding Faith,Riding Faith (2020),Movie,2020,4.4,,6.7,,,,
tt11829884,Fate of Alakada,Fate of Alakada (2020),Movie,2020,7,,10,,,,
tt0111549,Uncovered,Uncovered (1994),Movie,1994,5.7,,5.4,,,4.5,
tt9627240,Imago,Imago (2018),Movie,2018,7,,6,,,,
tt6974886,Hakkunde,Hakkunde (2017),Movie,2017,6.6,,,,,,
tt4628812,The Breakup Playlist,The Breakup Playlist (2015),Movie,2015,6.4,,6.8,,,,
tt6090044,Romina,Romina (2018),Movie,2018,2.2,,2.7,,,2,
tt3422462,Bangistan,Bangistan (2015),Movie,2015,4.5,,6.1,,,,
tt0461209,Ek Khiladi Ek Haseena,Ek Khiladi Ek Haseena (2005),Movie,2005,5.7,,5.3,,,,
tt7243756,Project Papa,Project Papa (2018),Movie,2018,6.6,,,,,,
tt4564818,Weapon of Choice,Weapon of Choice (2008),Movie,2008,,,,,,,
tt4810104,Pekak,Pekak (2015),Movie,2015,6.3,,6,,,,
tt1686795,Tango with Me,Tango with Me (2010),Movie,2010,6.3,,,,,,
tt2091312,Here Comes the Rain,Here Comes the Rain (2010),Movie,2010,6.2,,,,,,
tt5870646,Karkar,Karkar (2007),Movie,2007,3.3,,7,,,,
tt10887282,Kasanova,Kasanova (2019),Movie,2019,6.5,,9.5,,,,
tt9652322,Chief Daddy,Chief Daddy (2018),Movie,2018,5.1,,5.9,,,,
tt0382188,Mumbai Matinee,Mumbai Matinee (2003),Movie,2003,5.2,,5,,,,
tt7464158,Photocopy,Photocopy (2017),Movie,2017,7.5,,7.2,,,,
tt4312396,Silencer: Welcome Charlie,Silencer: Welcome Charlie (2014),Movie,2014,,,,,,,
tt0170799,We Are All for the Fatherland,We Are All for the Fatherland (1979),Movie,1979,5.6,,5.3,,,,
tt11058176,90 ML,90 ML (2019),Movie,2019,5.4,,,,,,
tt10081210,Aaviri,Aaviri (2019),Movie,2019,4.4,,4,,,,
tt0098439,Tango & Cash,Tango & Cash (1989),Movie,1989,6.4,41,6.4,,9.3,5.3,
tt0120157,Soldier,Soldier (1998),Movie,1998,6.1,,6.3,,6.3,4.8,
tt0080842,Harlequin,Harlequin (1980),Movie,1980,6.2,,7.1,40,,5.2,
tt5978724,My Days of Mercy,My Days of Mercy (2017),Movie,2017,6.5,,7.4,,,6.4,
tt3012648,Confusion Na Wa,Confusion Na Wa (2013),Movie,2013,7.2,,7,,,,
tt2631210,Pretville,Pretville (2012),Movie,2012,4.6,,6,,,,
tt0889225,To and from New York,To and from New York (2006),Movie,2006,5.6,,5.8,,,,
tt0493829,Osuofia in London 2,Osuofia in London 2 (2004),Movie,2004,7.1,,,,,,
tt4512896,Iyore,Iyore (2015),Movie,2015,7.2,,,,,,
tt8007436,"Tuya, m√≠a... te la apuesto","Tuya, m√≠a... te la apuesto (2018)",Movie,2018,3.5,,5.4,,,3.6,
tt2427150,We Are One,We Are One (2017),Movie,2017,8.5,,3.5,,,,
tt4452274,Oloibiri,Oloibiri (2015),Movie,2015,5.7,,,,,,
tt9619402,Loving Is Losing,Loving Is Losing (2019),Movie,2019,5.1,,6,,,3.8,
tt9859758,Ali & Alia,Ali & Alia (2019),Movie,2019,5.2,,,,,,
tt10589924,Bridezilla,Bridezilla (2019),Movie,2019,6,,5.8,,,,
tt0107165,Golden Balls,Golden Balls (1993),Movie,1993,6.1,,5.7,,,4.7,
tt6911110,Slow Country,Slow Country (2017),Movie,2017,4.7,,,,,,
tt7819668,Lara and the Beat,Lara and the Beat (2018),Movie,2018,6.2,,,,,,
tt0374065,Mujrim,Mujrim (1958),Movie,1958,6.6,,,,,,
tt6115284,Lakeeran,Lakeeran (2016),Movie,2016,5.9,,,,,,
tt4527090,Gbomo Gbomo Express,Gbomo Gbomo Express (2015),Movie,2015,5.1,,5,,,,
tt5910902,Mahi NRI,Mahi NRI (2017),Movie,2017,5.9,,2,,,,
tt9055250,The End,The End (2020‚Äì ),TVSeries,2020,7.4,,5.8,,,,
tt4661188,Besieged Bread,Besieged Bread (2016),Movie,2016,6.4,,6,,,,
tt4330370,Ms J Contemplates Her Choice,Ms J Contemplates Her Choice (2014),Movie,2014,4.9,,5,,,,
tt6194540,The Price of Success,The Price of Success (2017),Movie,2017,5.7,,6.2,14,,5,
tt6885956,Bathinda Express,Bathinda Express (2016),Movie,2016,5.7,,5.5,,,,
tt2041354,Geezas,Geezas (2011),Movie,2011,5,,7,,,,
tt8149090,Banana Island Ghost,Banana Island Ghost (2017),Movie,2017,6.3,,5.5,,,,
tt8844480,Moms at War,Moms at War (2018),Movie,2018,6.1,,5,,,,
tt6522846,Grillo vs Grillo,Grillo vs Grillo (2017),Movie,2017,4.4,,6,,,,
tt0445305,Mahjong Heroes,Mahjong Heroes (1981),Movie,1981,5.4,,5.4,,,,
tt2261700,Land of Cards,Land of Cards (2012),Movie,2012,5.8,,5.4,,,,
tt6899800,Drink Drank Drunk,Drink Drank Drunk (2016),Movie,2016,4.3,,2,,,,
tt2396369,Cold Harbour,Cold Harbour (2013),Movie,2013,5.3,,4.6,,,4.8,
tt11875458,True: Wuzzle Wegg Day,True: Wuzzle Wegg Day (2020),Movie,2020,7.1,,,,,,
tt3290368,Chadi Jawani Budhe Nu,Chadi Jawani Budhe Nu (1976),Movie,1976,4.3,,6,,,,
tt13865926,About a Girl,About a Girl (2020),Movie,2020,6,,6,,,,
tt2361022,Deewana Main Deewana,Deewana Main Deewana (2013),Movie,2013,2.4,,3.7,,,,
tt5820544,Sei,Sei (2018),Movie,2018,4.1,,4.3,,,,
tt11802938,The Ghost and the Tout,The Ghost and the Tout (2018),Movie,2018,4.3,,,,,,
tt2316411,Enemy,Enemy (2013),Movie,2013,6.9,61,6.9,,9,6.4,
tt3723864,Dil Vil Pyaar Vyaar,Dil Vil Pyaar Vyaar (2014),Movie,2014,6.5,,7,,,,
tt11822492,Small Chops,Small Chops (2020),Movie,2020,,,,,,,
tt10136680,After Maria,After Maria (2019),Movie,2019,4.6,,5.8,,,5.6,
tt8948740,Yoo Byungjae: Discomfort Zone,Yoo Byungjae: Discomfort Zone (2018),Movie,2018,5.1,,6.4,,,,
tt3542028,Chal Bhaag,Chal Bhaag (2014),Movie,2014,4.2,,4,,,,
tt0099316,Crazy People,Crazy People (1990),Movie,1990,6,42,5.7,37,,4.9,
tt10945950,Holy Expectations,Holy Expectations (2019),Movie,2019,4.6,,6.5,,,,
tt9234638,"Edmilson Filho: Notas, uma Com√©dia de Relacionamentos","Edmilson Filho: Notas, uma Com√©dia de Relacionamentos (2018)",Movie,2018,5.7,,4.8,,,,
tt11066396,Grego Rossello: Disculpe Las Molestias,Grego Rossello: Disculpe Las Molestias (2019),Movie,2019,4.4,,,,,,
tt2287851,Last Flight to Abuja,Last Flight to Abuja (2012),Movie,2012,4.6,,3.5,,,3.6,
tt14859638,Trese After Dark,Trese After Dark (2021),Movie,2021,6.1,,,,,,
tt12808182,The Last Mercenary,The Last Mercenary (2021),Movie,2021,,48,6.8,59,,4.4,
tt0468569,The Dark Knight,The Dark Knight (2008),Movie,2008,9,84,8.5,,8.7,8.1,
tt7476236,Minding the Gap,Minding the Gap (2018),Movie,2018,8.1,90,7.8,,,7.1,
tt6751668,Parasite,Parasite (2019),Movie,2019,8.6,96,8.5,98,,8,
tt0372784,Batman Begins,Batman Begins (2005),Movie,2005,8.2,70,7.7,,,7.4,
tt2267998,Gone Girl,Gone Girl (2014),Movie,2014,8.1,79,7.9,,8.7,7.3,
tt0264464,Catch Me If You Can,Catch Me If You Can (2002),Movie,2002,8.1,75,7.9,,,7.3,
tt0088247,The Terminator,The Terminator (1984),Movie,1984,8,84,7.6,100,,7.1,
tt2543164,Arrival,Arrival (2016),Movie,2016,7.9,81,7.6,,,7.3,
tt1392214,Prisoners,Prisoners (2013),Movie,2013,8.1,70,8,,,7.6,
tt1727824,Bohemian Rhapsody,Bohemian Rhapsody (2018),Movie,2018,8,49,8,,8.8,7.3,
tt0126029,Shrek,Shrek (2001),Movie,2001,7.9,84,7.7,88,,7.7,
tt2024544,12 Years a Slave,12 Years a Slave (2013),Movie,2013,8.1,96,7.9,95,,7.3,
tt1010048,Slumdog Millionaire,Slumdog Millionaire (2008),Movie,2008,8,84,7.7,,8.6,7.7,
tt1074638,Skyfall,Skyfall (2012),Movie,2012,7.8,81,7.2,,9.4,6.6,
tt0092005,Stand by Me,Stand by Me (1986),Movie,1986,8.1,75,7.9,,,7.3,
tt1568346,The Girl with the Dragon Tattoo,The Girl with the Dragon Tattoo (2011),Movie,2011,7.8,71,7.3,87,9,7,
tt0319061,Big Fish,Big Fish (2003),Movie,2003,8,58,7.8,,,7.9,
tt8522006,Happiest Season,Happiest Season (2020),Movie,2020,6.6,69,7.5,82,,5.7,
tt0289043,28 Days Later...,28 Days Later... (2002),Movie,2002,7.6,73,7.2,87,,6.7,
tt0064116,Once Upon a Time in the West,Once Upon a Time in the West (1968),Movie,1968,8.5,80,8.3,,9.3,8.2,
tt0093773,Predator,Predator (1987),Movie,1987,7.8,45,7.5,,8,6.8,
tt3824648,Big Time Adolescence,Big Time Adolescence (2019),Movie,2019,7,64,7.5,85,,6,
tt0268380,Ice Age,Ice Age (2002),Movie,2002,7.5,60,7.3,,,7.3,
tt5580390,The Shape of Water,The Shape of Water (2017),Movie,2017,7.3,87,7.3,92,,6.4,
tt0129167,The Iron Giant,The Iron Giant (1999),Movie,1999,8,85,7.9,96,,7.2,
tt0353969,Memories of Murder,Memories of Murder (2003),Movie,2003,8.1,82,8.1,95,,7.6,
tt0094721,Beetlejuice,Beetlejuice (1988),Movie,1988,7.5,70,7.4,,,6.8,
tt5700672,Train to Busan,Train to Busan (2016),Movie,2016,7.6,72,7.8,94,,6.8,
tt0425210,Lucky Number Slevin,Lucky Number Slevin (2006),Movie,2006,7.7,53,7.5,,,7.4,
tt1542344,127 Hours,127 Hours (2010),Movie,2010,7.5,82,7.1,,,6.8,
tt0094625,Akira,Akira (1988),Movie,1988,8,,8,90,,7.6,
tt0298148,Shrek 2,Shrek 2 (2004),Movie,2004,7.2,75,7.1,,9.3,7,
tt1139797,Let the Right One In,Let the Right One In (2008),Movie,2008,7.9,82,7.5,,8,7.3,
tt2582782,Hell or High Water,Hell or High Water (2016),Movie,2016,7.6,88,7.3,,,7.2,
tt3799694,The Nice Guys,The Nice Guys (2016),Movie,2016,7.4,70,7.1,,,6.2,
tt0093870,RoboCop,RoboCop (1987),Movie,1987,7.5,67,7.3,,,6,
tt2660888,Star Trek Beyond,Star Trek Beyond (2016),Movie,2016,7,68,6.8,,,6,
tt9288030,Reacher,Reacher (2021‚Äì ),TVSeries,2021,,,,,,,
tt10288566,Another Round,Another Round (2020),Movie,2020,7.8,80,7.8,,,7.2,
tt8613070,Portrait of a Lady on Fire,Portrait of a Lady on Fire (2019),Movie,2019,8.1,95,8.3,98,,7.4,
tt0359950,The Secret Life of Walter Mitty,The Secret Life of Walter Mitty (2013),Movie,2013,7.3,54,7.1,,8.8,6.2,
tt0109686,Dumb and Dumber,Dumb and Dumber (1994),Movie,1994,7.3,41,6.6,,,5,
tt9484998,Palm Springs,Palm Springs (2020),Movie,2020,7.4,83,7.3,95,,6.6,
tt1907668,Flight,Flight (2012),Movie,2012,7.3,76,6.8,,8.3,6.6,
tt1588170,I Saw the Devil,I Saw the Devil (2010),Movie,2010,7.8,67,7.8,,9.8,7.2,
tt0110475,The Mask,The Mask (1994),Movie,1994,6.9,56,6.9,,8.4,6,
tt10706602,Collective,Collective (2019),Movie,2019,8.2,95,7.9,99,,7.1,
tt2066051,Rocketman,Rocketman (2019),Movie,2019,7.3,69,7.4,89,,6.7,
tt2866360,Coherence,Coherence (2013),Movie,2013,7.2,65,7.3,88,,7.1,
tt9770150,Nomadland,Nomadland (2020),Movie,2020,7.4,93,7.3,94,,6.8,
tt0215750,Enemy at the Gates,Enemy at the Gates (2001),Movie,2001,7.6,53,7.4,,8.5,7.6,
tt0117705,Space Jam,Space Jam (1996),Movie,1996,6.4,59,6.9,44,,5.6,
tt0448134,Sunshine,Sunshine (2007),Movie,2007,7.2,64,7,,8.9,5.9,
tt6110504,Becoming Bond,Becoming Bond (2017),Movie,2017,7.5,65,7.2,,,6.8,
tt0177789,Galaxy Quest,Galaxy Quest (1999),Movie,1999,7.3,70,7,,8.6,5.7,
tt1343727,Dredd,Dredd (2012),Movie,2012,7.1,60,6.8,,,6,
tt0463854,28 Weeks Later,28 Weeks Later (2007),Movie,2007,7,78,6.6,,8.9,6.4,
tt1489887,Booksmart,Booksmart (2019),Movie,2019,7.2,84,7.1,,,6.2,
tt1242460,We Need to Talk About Kevin,We Need to Talk About Kevin (2011),Movie,2011,7.5,68,7.6,,7,7.1,
tt0087332,Ghostbusters,Ghostbusters (1984),Movie,1984,7.8,71,7.4,,9.3,6.5,
tt4364194,The Peanut Butter Falcon,The Peanut Butter Falcon (2019),Movie,2019,7.6,70,7.4,95,,6.4,
tt0490215,Silence,Silence (2016),Movie,2016,7.2,79,7.1,,,6.3,
tt1675192,Take Shelter,Take Shelter (2011),Movie,2011,7.4,85,7.1,,7.5,6.7,
tt0460740,Cashback,Cashback (2006),Movie,2006,7.2,54,6.9,,9.3,6.6,
tt1655441,The Age of Adaline,The Age of Adaline (2015),Movie,2015,7.2,51,7.4,,,6,
tt1872194,The Judge,The Judge (2014),Movie,2014,7.4,48,7.3,49,,6.5,
tt5439796,Logan Lucky,Logan Lucky (2017),Movie,2017,7,78,6.7,92,,6.3,
tt0983193,The Adventures of Tintin,The Adventures of Tintin (2011),Movie,2011,7.3,68,6.8,,,6.7,
tt0448157,Hancock,Hancock (2008),Movie,2008,6.4,49,6.3,,,5.6,
tt0959337,Revolutionary Road,Revolutionary Road (2008),Movie,2008,7.3,69,6.9,67,,6.9,
tt6513120,Fighting with My Family,Fighting with My Family (2019),Movie,2019,7.1,68,6.9,93,,6.1,
tt0071360,The Conversation,The Conversation (1974),Movie,1974,7.8,85,7.6,96,,7.3,
tt0468492,The Host,The Host (2006),Movie,2006,7.1,85,7,93,,6,
tt0080487,Caddyshack,Caddyshack (1980),Movie,1980,7.3,48,6.7,73,,5.4,
tt1527186,Melancholia,Melancholia (2011),Movie,2011,7.2,80,7.2,,,6.8,
tt1759761,Veep,Veep (2012‚Äì2019),TVSeries,2012,8.3,82,7.4,,,7,
tt5478478,Hostiles,Hostiles (2017),Movie,2017,7.2,65,6.8,,,6.6,
tt8075192,Shoplifters,Shoplifters (2018),Movie,2018,7.9,93,7.9,,,7.4,
tt3892172,Leave No Trace,Leave No Trace (2018),Movie,2018,7.2,88,6.8,,,6.2,
tt1527788,The Man from Nowhere,The Man from Nowhere (2010),Movie,2010,7.8,,7.7,,,6.9,
tt0401855,Underworld: Evolution,Underworld: Evolution (2006),Movie,2006,6.7,36,6.5,,8.3,5.6,
tt0159097,The Virgin Suicides,The Virgin Suicides (1999),Movie,1999,7.2,76,7.1,77,,6.7,
tt6450804,Terminator: Dark Fate,Terminator: Dark Fate (2019),Movie,2019,6.2,54,6.5,70,,5.2,
tt0445922,Across the Universe,Across the Universe (2007),Movie,2007,7.3,56,7.2,,9,6.9,
tt6394270,Bombshell,Bombshell (2019),Movie,2019,6.8,64,6.9,,,6.2,
tt2375605,The Act of Killing,The Act of Killing (2012),Movie,2012,8.2,91,7.8,,,7.8,
tt5461944,Hotel Mumbai,Hotel Mumbai (2018),Movie,2018,7.6,62,7.6,,,6.6,
tt0032551,The Grapes of Wrath,The Grapes of Wrath (1940),Movie,1940,8.1,96,7.8,,,8.3,
tt8544498,The Way Back,The Way Back (2020),Movie,2020,6.7,66,6.7,,,6,
tt0097493,Heathers,Heathers (1989),Movie,1989,7.2,72,7.4,,9,6.2,
tt5215952,The Wailing,The Wailing (2016),Movie,2016,7.5,81,7.3,,,6.5,
tt7282468,Burning,Burning (2018),Movie,2018,7.5,90,7.4,,,6.9,
tt0185937,The Blair Witch Project,The Blair Witch Project (1999),Movie,1999,6.5,81,6.3,86,,5.1,
tt5093026,Papillon,Papillon (2017),Movie,2017,7.2,51,7.4,52,,6.2,
tt1596350,This Means War,This Means War (2012),Movie,2012,6.3,31,6.1,,,4.9,
tt0455407,The Crazies,The Crazies (2010),Movie,2010,6.5,56,6.2,,,5.6,
tt4624424,Storks,Storks (2016),Movie,2016,6.8,56,6.6,,,5.8,
tt5635086,God's Own Country,God's Own Country (2017),Movie,2017,7.7,85,7.7,,,7,
tt6212478,American Animals,American Animals (2018),Movie,2018,7,68,6.8,,,6.2,
tt5852632,March of the Penguins 2: The Next Step,March of the Penguins 2: The Next Step (2017),Movie,2017,6.7,,6.6,,,7,
tt9820556,Breach,Breach (2020),Movie,2020,3,,4.4,,,2.7,
tt0087277,Footloose,Footloose (1984),Movie,1984,6.6,42,6.6,51,,5.6,
tt0115736,Bound,Bound (1996),Movie,1996,7.3,61,7.1,89,,6.5,
tt1972571,A Most Wanted Man,A Most Wanted Man (2014),Movie,2014,6.8,73,6.5,,7.8,6.2,
tt4936450,Graduation,Graduation (2016),Movie,2016,7.3,84,6.7,,,6.5,
tt7557108,Saint Maud,Saint Maud (2019),Movie,2019,6.8,83,6.8,93,,6.1,
tt0085121,10 to Midnight,10 to Midnight (1983),Movie,1983,6.3,12,6.1,,,5.1,
tt0106582,Cliffhanger,Cliffhanger (1993),Movie,1993,6.4,60,6.4,,9.7,5.4,
tt7549996,Judy,Judy (2019),Movie,2019,6.8,66,6.8,82,,6.1,
tt0116136,DragonHeart,DragonHeart (1996),Movie,1996,6.5,49,6.6,,,5.9,
tt0901487,The Good the Bad the Weird,The Good the Bad the Weird (2008),Movie,2008,7.3,69,7.2,,,6.4,
tt0074084,1900,1900 (1976),Movie,1976,7.7,70,7.8,,,8.2,
tt0057163,Hud,Hud (1963),Movie,1963,7.8,62,7.4,,,7.2,
tt0268695,The Time Machine,The Time Machine (2002),Movie,2002,6,42,6.1,,8.8,5.1,
tt1549920,The Last Stand,The Last Stand (2013),Movie,2013,6.3,54,6,,8.1,5.4,
tt2402157,The November Man,The November Man (2014),Movie,2014,6.3,38,6.1,,,5.2,
tt2006295,The 33,The 33 (2015),Movie,2015,6.9,55,6.3,,,5.8,
tt4558376,Downhill,Downhill (2020),Movie,2020,4.9,49,5.4,38,,4.6,
tt5501104,Border,Border (2018),Movie,2018,7,75,6.7,,,6.5,
tt7339248,The Art of Self-Defense,The Art of Self-Defense (2019),Movie,2019,6.6,65,6.6,84,,5.9,
tt0821642,The Soloist,The Soloist (2009),Movie,2009,6.7,61,6.8,,8,6,
tt4881578,Zappa,Zappa (2020),Movie,2020,7.6,76,7.5,,,6.9,
tt3697626,A Hard Day,A Hard Day (2014),Movie,2014,7.2,76,7,,,6.6,
tt13834480,Diary of a Wimpy Kid,Diary of a Wimpy Kid (2021),Movie,2021,,,,,,,
tt10065694,Antebellum,Antebellum (2020),Movie,2020,5.7,43,6.3,,,5.4,
tt8388390,Chucky,Chucky (2021‚Äì ),TVSeries,2021,,70,8,90,,6.4,
tt0462335,High-Rise,High-Rise (2015),Movie,2015,5.6,65,5.7,,,5,
tt2935564,The Connection,The Connection (2014),Movie,2014,7.1,67,7.1,,,6.6,
tt0057298,McLintock!,McLintock! (1963),Movie,1963,7.2,62,6.6,,,5.7,
tt0059575,The Pawnbroker,The Pawnbroker (1964),Movie,1964,7.7,69,7.3,84,,7.2,
tt6400614,Unacknowledged,Unacknowledged (2017),Movie,2017,7,,6.3,,,5.8,
tt0087050,Children of the Corn,Children of the Corn (1984),Movie,1984,5.6,45,5.7,,,5.3,
tt0841044,Two Days in Paris,Two Days in Paris (2007),Movie,2007,6.8,67,6.3,,,6.2,
tt1843287,Like Someone in Love,Like Someone in Love (2012),Movie,2012,7,76,7.1,,,6.4,
tt8499102,Jawline,Jawline (2019),Movie,2019,6,74,5.9,96,,5.9,
tt1401143,Rare Exports,Rare Exports (2010),Movie,2010,6.7,71,6.3,,,5.6,
tt3451230,High Strung,High Strung (2016),Movie,2016,6.4,48,7.1,,,5.3,
tt0808510,Tooth Fairy,Tooth Fairy (2010),Movie,2010,5,36,5.5,,,3.9,
tt5270948,Chappaquiddick,Chappaquiddick (2017),Movie,2017,6.5,67,6,,,5.7,
tt7058080,Angel of Mine,Angel of Mine (2019),Movie,2019,6.4,47,6.3,,,5.3,
tt0107843,Point of No Return,Point of No Return (1993),Movie,1993,6.1,53,6.1,,,5,
tt0417658,Factotum,Factotum (2005),Movie,2005,6.6,71,6.3,,,6.2,
tt0806165,The Ramen Girl,The Ramen Girl (2008),Movie,2008,6.3,,6.4,,,5.4,
tt2465146,And So It Goes,And So It Goes (2014),Movie,2014,5.8,38,6.1,,,4.8,
tt0476991,Were the World Mine,Were the World Mine (2008),Movie,2008,6.9,,6.5,71,,5.9,
tt0068675,Hannie Caulder,Hannie Caulder (1971),Movie,1971,6.4,48,6.4,,,5,
tt5259822,Tesla,Tesla (2020),Movie,2020,5,67,6,,,4.7,
tt5792656,Running with the Devil,Running with the Devil (2019),Movie,2019,5.4,42,5.4,24,,4.6,
tt11454066,You Cannot Kill David Arquette,You Cannot Kill David Arquette (2020),Movie,2020,7.2,66,6.3,84,,6.3,
tt2217458,Reaching for the Moon,Reaching for the Moon (2013),Movie,2013,7,44,6.7,,,6,
tt8132778,Night of the Kings,Night of the Kings (2020),Movie,2020,6.5,83,7.2,96,,6.5,
tt0882977,Snitch,Snitch (2013),Movie,2013,6.4,51,6,,,5.6,
tt11905922,Stray,Stray (2020),Movie,2020,7,83,6,,,6.3,
tt0995031,Bhool Bhulaiyaa,Bhool Bhulaiyaa (2007),Movie,2007,7.3,,6.5,,,,
tt5827228,Bull,Bull (TV Series 2016‚Äì ),TVSeries,2016,7,40,6.9,56,5.3,4.8,
tt4798836,Bad Hair,Bad Hair (2020),Movie,2020,5.6,61,5,62,,5.3,
tt9204204,Little Joe,Little Joe (2019),Movie,2019,5.9,60,5.9,67,,6.2,
tt6544220,The Mandela Effect,The Mandela Effect (2019),Movie,2019,5.7,,6.8,20,,5,
tt1726589,Life Happens,Life Happens (2011),Movie,2011,5.6,44,5.4,,,4.4,
tt0213790,The Ladies Man,The Ladies Man (2000),Movie,2000,5.2,22,5.4,,,3.6,
tt1411956,Sold,Sold (2014),Movie,2014,6.9,49,6.7,,,6.4,
tt3239442,The 10 Year Plan,The 10 Year Plan (2014),Movie,2014,6.1,,6.8,,,4.6,
tt2726552,A Kind of Murder,A Kind of Murder (2016),Movie,2016,5.3,50,5.3,,,4.8,
tt3279176,Suburban Gothic,Suburban Gothic (2014),Movie,2014,5.6,49,5.6,,,4.4,
tt2611026,The Hornet's Nest,The Hornet's Nest (2014),Movie,2014,6.7,61,6.7,,,6.2,
tt2980472,Just Before I Go,Just Before I Go (2014),Movie,2014,6.4,24,6.5,,,5.5,
tt3480886,Ma ma,Ma ma (2015),Movie,2015,6.4,31,6.4,25,,5.5,
tt2586120,Racer and the Jailbird,Racer and the Jailbird (2017),Movie,2017,6.3,50,6.1,36,,5.2,
tt3703836,Henry Gamble's Birthday Party,Henry Gamble's Birthday Party (2015),Movie,2015,6.1,59,5.6,,,5.9,
tt4262174,First Girl I Loved,First Girl I Loved (2016),Movie,2016,6.1,61,6.5,,,5.6,
tt7250056,Non-Fiction,Non-Fiction (2018),Movie,2018,6.5,78,5.4,87,,5.9,
tt2990126,100 Streets,100 Streets (2016),Movie,2016,5.8,44,6.2,,,5.2,
tt0383060,Zoom,Zoom (2006),Movie,2006,4.4,26,5.3,,9.5,3.6,
tt8179024,Body Cam,Body Cam (2020),Movie,2020,5.3,37,6.4,44,,4.8,
tt6532374,Swimming with Men,Swimming with Men (2018),Movie,2018,6.4,44,6.1,,,5.2,
tt1169809,Book of Blood,Book of Blood (2009),Movie,2009,5.3,,5.4,,,4.6,
tt0086525,Valley Girl,Valley Girl (1983),Movie,1983,6.4,66,5.9,,,5,
tt6705860,Diane,Diane (2018),Movie,2018,6.7,86,6.5,93,,5.8,
tt5106400,Shared Rooms,Shared Rooms (2016),Movie,2016,5.6,,6.9,,,,
tt10621180,Most Likely to Murder,Most Likely to Murder (2019),Movie,2019,5.3,,6,,,4.7,
tt3767278,Bayou Caviar,Bayou Caviar (2018),Movie,2018,4.8,36,4.5,,,4.6,
tt5465036,Telescope,Telescope (2016),Movie,2016,7.8,,7.8,,,,
tt2825596,The Pretenders,The Pretenders (2018),Movie,2018,5,14,6.1,,,,
tt13064280,Geliefert,Geliefert (2021),Movie,2021,6.6,,6.1,,,,
tt8574836,Cunningham,Cunningham (2019),Movie,2019,6.5,83,7.1,,,6.7,
tt13503476,The Valentine Competition,The Valentine Competition (2021),Movie,2021,5.5,,6.3,,,,
tt2524674,Wetlands,Wetlands (2013),Movie,2013,5.8,77,5.3,,,5.6,
tt5806646,The Archer,The Archer (2016),Movie,2016,5.2,,5.4,,,4,
tt0107571,Midnight Kiss,Midnight Kiss (1993),Movie,1993,4.4,,4.3,,,,
tt6165936,Savage Youth,Savage Youth (2018),Movie,2018,5.4,,6.3,,,,
tt0252683,The Man Who Used to Be Me,The Man Who Used to Be Me (2000),Movie,2000,4.9,,5.5,,,,
tt1924283,Hard Romanticker,Hard Romanticker (2011),Movie,2011,6.2,,7,44,,,
tt8399718,Hunt for the Skinwalker,Hunt for the Skinwalker (2018),Movie,2018,4.4,,4.9,,,,
tt1791681,Treehouse,Treehouse (2014),Movie,2014,3.8,,4.2,,,3.1,
tt2622420,24 Hour Love,24 Hour Love (2013),Movie,2013,3.9,,2.3,,,,
tt0137523,Fight Club,Fight Club (1999),Movie,1999,8.8,66,8.4,,,8.1,
tt8239946,Tumbbad,Tumbbad (2018),Movie,2018,8.3,,7.7,,,6,
tt2395469,Gully Boy,Gully Boy (2019),Movie,2019,8,65,7.6,96,,6.7,
tt8236336,The Report,The Report (2019),Movie,2019,7.2,66,7,82,,6.3,
tt0078748,Alien,Alien (1979),Movie,1979,8.4,89,8.1,,,8,
tt13143964,Borat Subsequent Moviefilm,Borat Subsequent Moviefilm (2020),Movie,2020,6.7,68,6.5,85,,5.8,
tt7098658,Raazi,Raazi (2018),Movie,2018,7.8,,7.3,,,6.5,
tt7671064,Brittany Runs a Marathon,Brittany Runs a Marathon (2019),Movie,2019,6.8,72,6.7,,,5.7,
tt6390668,Invisible Life,Invisible Life (2019),Movie,2019,7.8,81,8,,,7.2,
tt0052357,Vertigo,Vertigo (1958),Movie,1958,8.3,100,8.2,,9.5,8.2,
tt8923482,One Child Nation,One Child Nation (2019),Movie,2019,7.5,85,7.3,,,6.9,
tt1605783,Midnight in Paris,Midnight in Paris (2011),Movie,2011,7.7,81,7.5,,,7.3,
tt0144117,The Boondock Saints,The Boondock Saints (1999),Movie,1999,7.8,44,7.3,28,,6.6,
tt0217869,Unbreakable,Unbreakable (2000),Movie,2000,7.3,62,7.1,70,,6.7,
tt3019620,Titli,Titli (2014),Movie,2014,7.6,,7,,,6.3,
tt4016934,The Handmaiden,The Handmaiden (2016),Movie,2016,8.1,84,8.3,,,7.6,
tt0047296,On the Waterfront,On the Waterfront (1954),Movie,1954,8.1,91,8,99,,8.1,
tt0096754,The Abyss,The Abyss (1989),Movie,1989,7.5,62,7.3,,9,6.7,
tt0089881,Ran,Ran (1985),Movie,1985,8.2,96,8.1,96,,8.1,
tt0099077,Awakenings,Awakenings (1990),Movie,1990,7.8,74,7.8,,,7.3,
tt0082010,An American Werewolf in London,An American Werewolf in London (1981),Movie,1981,7.5,55,7.4,88,,6.7,
tt0112870,Dilwale Dulhania Le Jayenge,Dilwale Dulhania Le Jayenge (1995),Movie,1995,8.1,,8.8,,,6.8,
tt0088930,Clue,Clue (1985),Movie,1985,7.3,39,7.3,66,,6.3,
tt1754656,The Little Prince,The Little Prince (2015),Movie,2015,7.7,70,7.6,,,7.1,
tt1307068,Seeking a Friend for the End of the World,Seeking a Friend for the End of the World (2012),Movie,2012,6.7,59,6.6,55,,6,
tt0042804,Los Olvidados,Los Olvidados (1950),Movie,1950,8.3,,8.1,90,,8.3,
tt5247022,Paterson,Paterson (2016),Movie,2016,7.4,90,7.1,,,6.8,
tt0107471,My Favorite Season,My Favorite Season (1993),Movie,1993,7,,6.6,93,,6.7,
tt0248667,Ali,Ali (2001),Movie,2001,6.8,65,6.8,68,,6.4,
tt1838556,Honest Thief,Honest Thief (2020),Movie,2020,6,46,6.5,40,,4.8,
tt1488589,Pinocchio,Pinocchio (2021),Movie,2021,,,6.6,,,,
tt0065329,The Odd Couple,The Odd Couple (TV Series 1970‚Äì1975),TVSeries,1970,7.8,,8.1,,,6.2,
tt1234548,The Men Who Stare at Goats,The Men Who Stare at Goats (2009),Movie,2009,6.2,54,6,51,,5.4,
tt1833116,The Informer,The Informer (2019),Movie,2019,6.6,61,6.5,62,,5.7,
tt1174730,City Island,City Island (2009),Movie,2009,7.4,66,6.9,,,6.2,
tt0499097,Tom Clancy's Without Remorse,Tom Clancy's Without Remorse (2021),Movie,2021,5.8,41,7.2,44,,5.2,
tt7139936,A Rainy Day in New York,A Rainy Day in New York (2019),Movie,2019,6.5,38,6.5,,,6.4,
tt5867800,Aruvi,Aruvi (2016),Movie,2016,8.5,,7.8,89,,,
tt0822847,Priest,Priest (2011),Movie,2011,5.7,41,5.7,,,4.6,
tt10964468,Shakuntala Devi,Shakuntala Devi (2020),Movie,2020,6.1,,6.5,80,,,
tt0089114,Explorers,Explorers (1985),Movie,1985,6.5,58,6.3,,,5.9,
tt3387648,The Taking of Deborah Logan,The Taking of Deborah Logan (2014),Movie,2014,6,,6.3,,,5,
tt0417217,Two for the Money,Two for the Money (2005),Movie,2005,6.3,50,6,,7.3,5.4,
tt0062711,Barbarella,Barbarella (1968),Movie,1968,5.9,51,5.9,74,,5.2,
tt0439662,Fanaa,Fanaa (2006),Movie,2006,7.2,,6.8,,,6.6,
tt11617052,Undine,Undine (2020),Movie,2020,6.5,75,6.5,,,6.2,
tt0297181,I Spy,I Spy (2002),Movie,2002,5.4,35,5.4,16,,4.5,
tt0097579,An Innocent Man,An Innocent Man (1989),Movie,1989,6.5,39,6.1,,,5.3,
tt10214826,Agent Sai Srinivasa Athreya,Agent Sai Srinivasa Athreya (2019),Movie,2019,8.4,,7.4,,,,
tt5034474,The Assignment,The Assignment (2016),Movie,2016,4.6,34,5.4,,,4,
tt0058390,The Naked Kiss,The Naked Kiss (1964),Movie,1964,7.3,83,7.1,,,7.1,
tt1183374,Pet,Pet (2016),Movie,2016,5.7,48,5.8,,,5.3,
tt6980546,Bharath Ane Nenu,Bharath Ane Nenu (2018),Movie,2018,7.7,,6.7,83,,,
tt0040427,He Walked by Night,He Walked by Night (1948),Movie,1948,7.1,,6.7,,,6.6,
tt0100828,The Two Jakes,The Two Jakes (1990),Movie,1990,6.2,56,6.1,,,5.4,
tt2368553,Assault on Wall Street,Assault on Wall Street (2013),Movie,2013,6,24,5.9,,,4.7,
tt0069765,Bang the Drum Slowly,Bang the Drum Slowly (1973),Movie,1973,6.9,80,6.6,92,,6.2,
tt0091374,Lady Jane,Lady Jane (1986),Movie,1986,7.1,64,6.9,,,6.5,
tt0044685,Hans Christian Andersen,Hans Christian Andersen (1952),Movie,1952,6.9,,6.3,,,6,
tt4505666,Prescription Thugs,Prescription Thugs (2015),Movie,2015,7,45,6.3,69,,6.3,
tt0118980,Digging to China,Digging to China (1997),Movie,1997,6.8,,6.2,43,,6.2,
tt0386651,Mountain Patrol,Mountain Patrol (2004),Movie,2004,7.6,77,7.3,98,,6.7,
tt14164244,Sillunu Oru Kaadhal,Sillunu Oru Kaadhal (2021‚Äì ),TVSeries,2021,,,,,,,
tt2459022,Lost in Thailand,Lost in Thailand (2012),Movie,2012,6.2,55,6.4,,,5.8,
tt2325518,Beneath,Beneath (2013),Movie,2013,3.5,40,3.5,,,3.2,
tt5362940,Eternal Beauty,Eternal Beauty (2019),Movie,2019,6.4,71,6.1,,,5.5,
tt0126261,Desert Blue,Desert Blue (1998),Movie,1998,6.1,,5.6,37,,5,
tt1116182,Affinity,Affinity (2008),Movie,2008,6.2,,5.8,,,5.6,
tt9313424,From the Vine,From the Vine (2019),Movie,2019,5.9,,6,,,,
tt5659996,The Planters,The Planters (2019),Movie,2019,6.1,77,,95,,,
tt4356104,Es esmu seit,Es esmu seit (2016),Movie,2016,7.5,,7.1,,,6.5,
tt7428820,Summer Night,Summer Night (2019),Movie,2019,4.8,49,6.2,55,,,
tt4893334,Till Human Voices Wake Us,Till Human Voices Wake Us (2015),Movie,2015,6.2,,1,,,,
tt6417144,The Mothman of Point Pleasant,The Mothman of Point Pleasant (2017),Movie,2017,6.2,,5.4,,,,
tt0313443,Out of Time,Out of Time (2003),Movie,2003,6.5,63,6.3,64,,5.8,
tt2096673,Inside Out,Inside Out (2015),Movie,2015,8.1,94,7.9,98,,7.8,
tt0027189,The Wedding Night,The Wedding Night (1935),Movie,1935,6.6,,6.4,,,6.7,
tt2134170,10 Cent Pistol,10 Cent Pistol (2014),Movie,2014,4.8,37,5.9,,,,
tt0030256,I Met My Love Again,I Met My Love Again (1938),Movie,1938,5.5,,5.7,,,5.4,
tt5451640,Secrets of Deception,Secrets of Deception (2017),Movie,2017,4.2,,7.5,,,,
tt0106505,Calendar Girl,Calendar Girl (1993),Movie,1993,5.1,,5.1,11,,3.4,
tt0036379,Song of Texas,Song of Texas (1943),Movie,1943,6.3,,,,,,
tt1101624,Who Wrote the New Testament?,Who Wrote the New Testament? (2003‚Äì ),TVSeries,2003,6.8,,,,,,
tt1512201,Last Train Home,Last Train Home (2009),Movie,2009,7.7,86,7.4,,,7.4,
tt13031460,The Healing Garden,The Healing Garden (2021),Movie,2021,8.1,,4.7,,,,
tt0041198,Border Incident,Border Incident (1949),Movie,1949,7,,6.9,,,6.5,
tt0120613,A Walk on the Moon,A Walk on the Moon (1999),Movie,1999,6.6,70,6.1,,,5.6,
tt5579356,Dogged,Dogged (2017),Movie,2017,3.2,,9,,,,
tt7385782,And There Were 4,And There Were 4 (2018),Movie,2018,4,,9,,,,
tt0228459,Jingle Bells,Jingle Bells (1999),Movie,1999,6.1,,6,,,,
tt9510710,Bones of Brundage,Bones of Brundage (2018),Movie,2018,5.7,,,,,,
tt5670152,Traffik,Traffik (2018),Movie,2018,6,37,6.3,27,,4.9,
tt10299780,The Reunited States,The Reunited States (2021),Movie,2021,4.8,,7,60,,,
tt10197804,La Sucursal,La Sucursal (2019),Movie,2019,4.2,,,,,,
tt12637626,Konga TNT,Konga TNT (2020),Movie,2020,2.6,,,,,,
tt6208096,Modern Prodigal,Modern Prodigal (2019),Movie,2019,4.5,,,,,,
tt4603176,Marital Problems,Marital Problems (2017),Movie,2017,6.9,,,,,,
tt11384296,Brash Boys Club,Brash Boys Club (2020),Movie,2020,3.6,,,,,,
tt2622826,Avalanche Sharks,Avalanche Sharks (2014),Movie,2014,2.3,,3.5,,,2.2,
tt0079803,Return of the Tiger,Return of the Tiger (1977),Movie,1977,5.8,,6.3,,,,
tt0300922,All Babes Want to Kill Me,All Babes Want to Kill Me (2005),Movie,2005,3.9,,1.4,,,,
tt0242746,Out of Line,Out of Line (2001),Movie,2001,5,,8,,,,
tt1316041,Christian Blake,Christian Blake (2008),Movie,2008,3.3,,2,,,,
tt0462335,High-Rise,High-Rise (2015),Movie,2015,5.6,65,5.7,,,5,
tt10423506,A Risky Revenge,A Risky Revenge (2019),Movie,2019,,,,,,,
tt0058331,Mary Poppins,Mary Poppins (1964),Movie,1964,7.8,88,7.6,96,,7.1,
tt4154796,Avengers: Endgame,Avengers: Endgame (2019),Movie,2019,8.4,78,8.3,94,,7.3,
tt4154756,Avengers: Infinity War,Avengers: Infinity War (2018),Movie,2018,8.4,68,8.3,,,7.5,
tt0076759,Star Wars: Episode IV - A New Hope,Star Wars: Episode IV - A New Hope (1977),Movie,1977,8.6,90,8.2,,9,7.9,
tt0080684,Star Wars: Episode V - The Empire Strikes Back,Star Wars: Episode V - The Empire Strikes Back (1980),Movie,1980,8.7,82,8.4,,8.7,8.1,
tt2948372,Soul,Soul (2020),Movie,2020,8.1,83,8.2,95,,7.4,
tt2015381,Guardians of the Galaxy,Guardians of the Galaxy (2014),Movie,2014,8,76,7.9,,,6.9,
tt6105098,The Lion King,The Lion King (2019),Movie,2019,6.9,55,7.2,,,6.4,
tt0076363,The Many Adventures of Winnie the Pooh,The Many Adventures of Winnie the Pooh (1977),Movie,1977,7.6,,7.3,,8.8,5.4,
tt0114709,Toy Story,Toy Story (1995),Movie,1995,8.3,95,8,100,,7.7,
tt1049413,Up,Up (2009),Movie,2009,8.2,88,7.9,,,7.9,
tt0086190,Star Wars: Episode VI - Return of the Jedi,Star Wars: Episode VI - Return of the Jedi (1983),Movie,1983,8.3,58,7.9,82,,7.9,
tt0266543,Finding Nemo,Finding Nemo (2003),Movie,2003,8.1,90,7.8,99,,7.5,
tt2948356,Zootopia,Zootopia (2016),Movie,2016,8,78,7.7,,8.8,7.1,
tt0382932,Ratatouille,Ratatouille (2007),Movie,2007,8,96,7.8,96,,7.3,
tt1211837,Doctor Strange,Doctor Strange (2016),Movie,2016,7.5,72,7.4,,,6.5,
tt6139732,Aladdin,Aladdin (2019),Movie,2019,6.9,53,7.2,57,,6.2,
tt0478970,Ant-Man,Ant-Man (2015),Movie,2015,7.3,64,7.1,83,,6.2,
tt3521164,Moana,Moana (2016),Movie,2016,7.6,81,7.6,,,6.8,
tt4846340,Hidden Figures,Hidden Figures (2016),Movie,2016,7.8,74,8.1,,,6.9,
tt2294629,Frozen,Frozen (2013),Movie,2013,7.4,75,7.3,,,6.5,
tt0800369,Thor,Thor (2011),Movie,2011,7,57,6.8,,,5.6,
tt0290334,X2: X-Men United,X2: X-Men United (2003),Movie,2003,7.4,68,7,85,,6.4,
tt1228705,Iron Man 2,Iron Man 2 (2010),Movie,2010,7,57,6.8,,,5.9,
tt1485796,The Greatest Showman,The Greatest Showman (2017),Movie,2017,7.6,48,8,57,,6.8,
tt2277860,Finding Dory,Finding Dory (2016),Movie,2016,7.3,77,7.1,,,6.6,
tt4566758,Mulan,Mulan (2020),Movie,2020,5.7,66,7,,,5,
tt0449088,Pirates of the Caribbean: At World's End,Pirates of the Caribbean: At World's End (2007),Movie,2007,7.1,50,7.2,,,6.1,
tt0317219,Cars,Cars (2006),Movie,2006,7.1,73,6.8,74,,6.2,
tt0210945,Remember the Titans,Remember the Titans (2000),Movie,2000,7.8,48,7.6,73,,6.9,
tt5848272,Ralph Breaks the Internet,Ralph Breaks the Internet (2018),Movie,2018,7,71,7.2,,,6.5,
tt12607910,Black Is King,Black Is King (2020),Movie,2020,5.7,84,7.5,,,6.3,
tt0462538,The Simpsons Movie,The Simpsons Movie (2007),Movie,2007,7.3,80,7,87,,6.2,
tt0213565,The Color of Friendship,The Color of Friendship (2000),Movie,2000,7.2,,7.3,,,4.9,
tt7775622,Free Solo,Free Solo (2018),Movie,2018,8.2,83,8,97,,7.4,
tt0780521,The Princess and the Frog,The Princess and the Frog (2009),Movie,2009,7.1,73,7.1,85,,6.2,
tt0055254,One Hundred and One Dalmatians,One Hundred and One Dalmatians (1961),Movie,1961,7.3,83,7.1,98,,6.5,
tt8096832,Lady and the Tramp,Lady and the Tramp (2019),Movie,2019,6.3,48,7.4,65,,5.5,
tt0106611,Cool Runnings,Cool Runnings (1993),Movie,1993,7,60,7,,9.2,5.7,
tt4575576,Christopher Robin,Christopher Robin (2018),Movie,2018,7.3,60,7.3,72,,6.1,
tt1104001,TRON: Legacy,TRON: Legacy (2010),Movie,2010,6.8,49,6.4,,8,5.6,
tt0113104,Frank and Ollie,Frank and Ollie (1995),Movie,1995,7.7,,7.5,88,,7.1,
tt1245104,Presto,Presto (2008),Movie,2008,8.3,,7.8,,,7.5,
tt3411444,Ferdinand,Ferdinand (2017),Movie,2017,6.7,58,7.2,,,6,
tt2180411,Into the Woods,Into the Woods (2014),Movie,2014,5.9,69,5.8,,,5.2,
tt0323642,Piglet's Big Movie,Piglet's Big Movie (2003),Movie,2003,6.2,62,6.7,70,,5,
tt2788732,Pete's Dragon,Pete's Dragon (2016),Movie,2016,6.7,71,6.4,,,5.9,
tt0322330,Freaky Friday,Freaky Friday (2003),Movie,2003,6.2,70,6.3,,7.7,4.7,
tt0076618,The Rescuers,The Rescuers (1977),Movie,1977,6.9,74,6.8,,,6.2,
tt1425244,Partly Cloudy,Partly Cloudy (2009),Movie,2009,8.2,,7.9,,,7.6,
tt0110157,Iron Will,Iron Will (1994),Movie,1994,6.6,56,6.7,67,,5.8,
tt0397313,Eight Below,Eight Below (2006),Movie,2006,7.3,64,7,,,6.3,
tt0100477,The Rescuers Down Under,The Rescuers Down Under (1990),Movie,1990,6.9,70,6.7,,9,6,
tt0371606,Chicken Little,Chicken Little (2005),Movie,2005,5.7,48,5.9,,6.5,5.1,
tt1509767,The Three Musketeers,The Three Musketeers (2011),Movie,2011,5.7,35,5.8,,8,4.6,
tt0115491,Aladdin and the King of Thieves,Aladdin and the King of Thieves (1996),Movie,1996,6.4,,6.3,33,,5.9,
tt1648204,Lemonade Mouth,Lemonade Mouth (2011),Movie,2011,6.9,,7.5,,,5.4,
tt0110006,Heavyweights,Heavyweights (1995),Movie,1995,6.7,42,6.1,,9,3.9,
tt0012494,Destiny,Destiny (1921),Movie,1921,7.7,,7.5,,,7.8,
tt0082474,The Great Muppet Caper,The Great Muppet Caper (1981),Movie,1981,7.2,70,6.8,,,5.6,
tt0452598,Cheaper by the Dozen 2,Cheaper by the Dozen 2 (2005),Movie,2005,5.5,34,6.1,,,4.4,
tt1414382,You Again,You Again (2010),Movie,2010,5.8,28,6.3,,6.8,4.4,
tt0220099,The Tigger Movie,The Tigger Movie (2000),Movie,2000,6.3,53,6.5,,9.2,5.1,
tt1196339,Princess Protection Program,Princess Protection Program (2009),Movie,2009,5.6,,6.6,,,4,
tt1055366,Camp Rock,Camp Rock (2008),Movie,2008,5.2,,6.4,,,3.9,
tt0465925,Brother Bear 2,Brother Bear 2 (2006),Movie,2006,6.2,,6.7,,8.4,5.5,
tt1223236,African Cats,African Cats (2011),Movie,2011,7.5,61,7.4,,,7,
tt12885438,The Lego Star Wars Holiday Special,The Lego Star Wars Holiday Special (2020),Movie,2020,6.4,,6.7,73,,6.1,
tt0057180,The Incredible Journey,The Incredible Journey (1963),Movie,1963,7.1,87,6.7,,,6.4,
tt0149261,Deep Blue Sea,Deep Blue Sea (1999),Movie,1999,5.9,54,5.9,59,,4.4,
tt0281905,Double Teamed,Double Teamed (2002),Movie,2002,6.1,,6.2,,,3.3,
tt0027126,The Tortoise and the Hare,The Tortoise and the Hare (1935),Movie,1935,7.2,,6.6,,,6.6,
tt6897772,The Little Mermaid Live!,The Little Mermaid Live! (2019),Movie,2019,5.6,,6.9,36,,5.8,
tt0800318,The Cheetah Girls 2,The Cheetah Girls 2 (2006),Movie,2006,5,,6.2,,,3.4,
tt0033460,Chef Donald,Chef Donald (1941),Movie,1941,7.3,,6.8,,,6.6,
tt0397113,Tiger Cruise,Tiger Cruise (2004),Movie,2004,6.1,,5.9,67,,,
tt0034873,How to Fish,How to Fish (1942),Movie,1942,7,,6.2,,,6.1,
tt0219813,Horse Sense,Horse Sense (1999),Movie,1999,6.2,,6.9,,,3.8,
tt2999390,Super Buddies,Super Buddies (2013),Movie,2013,4.3,,6.1,,,3.1,
tt0087225,The Ewok Adventure,The Ewok Adventure (1984),Movie,1984,5.4,,5.9,21,,5.2,
tt0097053,Cheetah,Cheetah (1989),Movie,1989,6,,6,50,,5.3,
tt14811196,Orca vs. Great White,Orca vs. Great White (2021),Movie,2021,,,,,,,
tt0024792,Ye Olden Days,Ye Olden Days (1933),Movie,1933,6.6,,6,,,6,
tt0033838,The Little Whirlwind,The Little Whirlwind (1941),Movie,1941,6.8,,6,,,5.9,
tt0450455,Life Is Ruff,Life Is Ruff (2005),Movie,2005,4.9,,5.5,,,,
tt0039762,Rescue Dog,Rescue Dog (1947),Movie,1947,6.7,,5.9,,,5.8,
tt0047642,The Vanishing Prairie,The Vanishing Prairie (1954),Movie,1954,7.4,,7.3,,,,
tt0488903,Verfolgt,Verfolgt (2006),Movie,2006,6.6,,5.1,,,4.8,
tt0353965,Sacred Planet,Sacred Planet (2004),Movie,2004,6.1,53,6.3,,,6.7,
tt9165688,Mission to the Sun,Mission to the Sun (2018),Movie,2018,6.6,,6.5,,,6.4,
tt0054307,The Sign of Zorro,The Sign of Zorro (1958),Movie,1958,7.1,,7,,,6.6,
tt13130602,Secrets of the Bull Shark,Secrets of the Bull Shark (2020),Movie,2020,,,,,,,
tt3738576,Drain the Great Lakes,Drain the Great Lakes (2011),Movie,2011,6.9,,6.5,,,,
tt8780664,Secrets of the King Cobra,Secrets of the King Cobra (2010),Movie,2010,6.7,,4,,,,
tt10538348,Viking Warrior Women,Viking Warrior Women (2019),Movie,2019,6.6,,7.7,,,,
tt10155932,Cinderella,Cinderella (2021),Movie,2021,,41,6.7,42,,4.4,
tt0955308,Robin Hood,Robin Hood (2010),Movie,2010,6.6,53,6.4,,7.8,6.1,
tt0105824,Wind,Wind (1992),Movie,1992,6.4,57,6.5,50,,5.6,
tt2380307,Coco,Coco (2017),Movie,2017,8.4,81,8.2,97,,8,
tt0417299,Avatar: The Last Airbender,Avatar: The Last Airbender (TV Series 2005‚Äì2008),TVSeries,2005,9.2,,8.6,97,,7.7,
tt0435761,Toy Story 3,Toy Story 3 (2010),Movie,2010,8.2,92,7.8,,9.6,7.9,
tt3606756,Incredibles 2,Incredibles 2 (2018),Movie,2018,7.6,80,7.5,,9,6.7,
tt0398286,Tangled,Tangled (2010),Movie,2010,7.7,71,7.6,,8.6,6.9,
tt1300854,Iron Man 3,Iron Man 3 (2013),Movie,2013,7.1,62,6.9,79,,6.1,
tt1216516,Tinker Bell and the Lost Treasure,Tinker Bell and the Lost Treasure (2009),Movie,2009,6.7,,6.8,,8.5,5.8,
tt8503618,Hamilton,Hamilton (2020),Movie,2020,8.5,90,8.5,,,8.1,
tt4154664,Captain Marvel,Captain Marvel (2019),Movie,2019,6.9,64,6.9,79,,5.9,
tt1453405,Monsters University,Monsters University (2013),Movie,2013,7.3,65,7,,8.3,6.5,
tt1217209,Brave,Brave (2012),Movie,2012,7.1,69,7,,,6.5,
tt7146812,Onward,Onward (2020),Movie,2020,7.4,61,7.8,88,,6.8,
tt0059742,The Sound of Music,The Sound of Music (1965),Movie,1965,8,63,7.7,83,,6.9,
tt5104604,Isle of Dogs,Isle of Dogs (2018),Movie,2018,7.9,82,7.9,,,7.3,
tt0096438,Who Framed Roger Rabbit,Who Framed Roger Rabbit (1988),Movie,1988,7.7,83,7.5,97,,6.5,
tt0108037,The Sandlot,The Sandlot (1993),Movie,1993,7.8,55,7.5,64,,6.4,
tt1014759,Alice in Wonderland,Alice in Wonderland (2010),Movie,2010,6.4,53,6.6,,,6,
tt1436562,Rio,Rio (2011),Movie,2011,6.9,63,6.7,,,6.2,
tt0034492,Bambi,Bambi (1942),Movie,1942,7.3,91,7,,,6.6,
tt5116302,Togo,Togo (2019),Movie,2019,8,69,8.2,,,7,
tt0166896,The Straight Story,The Straight Story (1999),Movie,1999,8,86,7.7,95,,7.8,
tt0316396,Peter Pan,Peter Pan (2003),Movie,2003,6.8,64,7.2,,9.4,6.2,
tt3606752,Cars 3,Cars 3 (2017),Movie,2017,6.7,59,6.9,69,,5.9,
tt0032455,Fantasia,Fantasia (1940),Movie,1940,7.7,96,7.4,95,7.9,7.4,
tt4777008,Maleficent: Mistress of Evil,Maleficent: Mistress of Evil (2019),Movie,2019,6.6,43,7.4,,,5.4,
tt0438097,Ice Age: The Meltdown,Ice Age: The Meltdown (2006),Movie,2006,6.8,60,6.7,57,,6.6,
tt0133240,Treasure Planet,Treasure Planet (2002),Movie,2002,7.2,60,7.5,,,6.4,
tt0118617,Anastasia,Anastasia (1997),Movie,1997,7.2,61,7.6,,,6.4,
tt0407121,Pooh's Heffalump Movie,Pooh's Heffalump Movie (2005),Movie,2005,6.4,64,6.8,80,,5.4,
tt0401729,John Carter,John Carter (2012),Movie,2012,6.6,51,6.2,,8.1,5.4,
tt0096446,Willow,Willow (1988),Movie,1988,7.3,47,7.1,,9.5,6.8,
tt3861390,Dumbo,Dumbo (2019),Movie,2019,6.3,51,6.7,46,,5.7,
tt1588398,Sleeping Beauty,Sleeping Beauty (2011),Movie,2011,5.3,57,5.4,48,,4.6,
tt1389137,We Bought a Zoo,We Bought a Zoo (2011),Movie,2011,7.1,58,6.7,65,,5.6,
tt0114148,Pocahontas,Pocahontas (1995),Movie,1995,6.7,58,7,,,6,
tt1979388,The Good Dinosaur,The Good Dinosaur (2015),Movie,2015,6.7,66,6.7,,,6.2,
tt0065421,The Aristocats,The Aristocats (1970),Movie,1970,7.1,66,7.3,64,,6.5,
tt0465234,National Treasure: Book of Secrets,National Treasure: Book of Secrets (2007),Movie,2007,6.5,48,6.3,,,5.5,
tt0107120,Hocus Pocus,Hocus Pocus (1993),Movie,1993,6.9,43,7,,9.6,5.7,
tt0368933,The Princess Diaries 2: Royal Engagement,The Princess Diaries 2: Royal Engagement (2004),Movie,2004,5.8,43,6.6,,7.6,4,
tt0324941,101 Dalmatians 2: Patch's London Adventure,101 Dalmatians 2: Patch's London Adventure (2002),Movie,2002,5.8,,6,67,,4.7,
tt0475293,High School Musical,High School Musical (2006),Movie,2006,5.5,,6.6,65,,4.6,
tt3440298,Descendants,Descendants (2015),Movie,2015,6.4,63,7.1,,,4.4,
tt4575576,Christopher Robin,Christopher Robin (2018),Movie,2018,7.3,60,7.3,72,,6.1,
tt0388980,The Greatest Game Ever Played,The Greatest Game Ever Played (2005),Movie,2005,7.4,55,7.2,,,6.5,
tt3824386,Lava,Lava (2014),Movie,2014,7.3,,7.4,,,5.2,
tt0066817,Bedknobs and Broomsticks,Bedknobs and Broomsticks (1971),Movie,1971,7.1,59,7,67,,6.7,
tt4341582,Queen of Katwe,Queen of Katwe (2016),Movie,2016,7.4,73,7.2,,,6.6,
tt0492956,The Game Plan,The Game Plan (2007),Movie,2007,6.1,44,6.4,29,,4.6,
tt0385726,Glory Road,Glory Road (2006),Movie,2006,7.2,58,7.5,56,,6.7,
tt0109520,D2: The Mighty Ducks,D2: The Mighty Ducks (1994),Movie,1994,6.1,,6.2,,,4.8,
tt0077305,The Cat from Outer Space,The Cat from Outer Space (1978),Movie,1978,6.1,58,5.7,,,4.9,
tt8022928,Descendants 3,Descendants 3 (2019),Movie,2019,6.6,,7.9,,,4.9,
tt1217213,Secret of the Wings,Secret of the Wings (2012),Movie,2012,7.1,,7.1,62,,5.8,
tt0395699,The Pacifier,The Pacifier (2005),Movie,2005,5.6,30,6,,,4.1,
tt3661394,The One and Only Ivan,The One and Only Ivan (2020),Movie,2020,6.6,58,7.5,71,,5.8,
tt3473654,Toy Story That Time Forgot,Toy Story That Time Forgot (2014),Movie,2014,7.2,81,7,,,6.3,
tt0117110,Muppet Treasure Island,Muppet Treasure Island (1996),Movie,1996,7,64,6.6,70,,5.7,
tt0377981,Gnomeo & Juliet,Gnomeo & Juliet (2011),Movie,2011,5.9,53,5.9,,,5.1,
tt0823671,Tinker Bell,Tinker Bell (2008),Movie,2008,6.8,,6.7,,8.5,5.8,
tt0089908,Return to Oz,Return to Oz (1985),Movie,1985,6.7,42,6.6,54,,6.5,
tt0304669,The Santa Clause 2,The Santa Clause 2 (2002),Movie,2002,5.7,48,5.9,,,3.5,
tt0088814,The Black Cauldron,The Black Cauldron (1985),Movie,1985,6.4,59,6.5,,,6,
tt3120408,Tinker Bell and the Legend of the NeverBeast,Tinker Bell and the Legend of the NeverBeast (2014),Movie,2014,7.2,52,7.1,,,5.6,
tt1053810,The Big Year,The Big Year (2011),Movie,2011,6.2,53,5.9,,,4.9,
tt9174578,Around the World in 80 Days,Around the World in 80 Days (2021‚Äì ),TVSeries,2021,7.8,,,,,,
tt0076137,Herbie Goes to Monte Carlo,Herbie Goes to Monte Carlo (1977),Movie,1977,5.7,38,5.9,,,4.9,
tt0094137,Three Men and a Baby,Three Men and a Baby (1987),Movie,1987,6.1,61,6.1,,9.7,4.7,
tt2483260,The Pirate Fairy,The Pirate Fairy (2014),Movie,2014,6.6,51,6.8,,,5.4,
tt0479113,One Man Band,One Man Band (2005),Movie,2005,7.7,,7.3,,,7,
tt0119137,Flubber,Flubber (1997),Movie,1997,5.3,37,5.6,24,,4.3,
tt0104990,Newsies,Newsies (1992),Movie,1992,7,46,6.6,,,5.7,
tt0064418,"Hello, Dolly!","Hello, Dolly! (1969)",Movie,1969,7.1,51,6.9,,,6.8,
tt0173886,Halloweentown,Halloweentown (1998),Movie,1998,6.7,,6.9,,,4.9,
tt0108147,Sister Act 2: Back in the Habit,Sister Act 2: Back in the Habit (1993),Movie,1993,5.6,38,6.4,19,,4.3,
tt0116669,Jack,Jack (1996),Movie,1996,5.8,31,6.3,,,5.3,
tt1075417,Race to Witch Mountain,Race to Witch Mountain (2009),Movie,2009,5.7,52,5.8,,,4.4,
tt1650043,Diary of a Wimpy Kid: Rodrick Rules,Diary of a Wimpy Kid: Rodrick Rules (2011),Movie,2011,6.5,51,6.5,,8.6,5.4,
tt2175842,The Longest Daycare,The Longest Daycare (2012),Movie,2012,7.3,,6.9,,,6.6,
tt0097674,Knick Knack,Knick Knack (1989),Movie,1989,7.5,,7.1,,,6.6,
tt1691917,Planes,Planes (2013),Movie,2013,5.7,39,5.9,,5.8,4.8,
tt0119190,George of the Jungle,George of the Jungle (1997),Movie,1997,5.5,53,5.6,56,,4,
tt5117876,Descendants 2,Descendants 2 (2017),Movie,2017,6.5,,7.4,,,4.6,
tt0041094,The Adventures of Ichabod and Mr. Toad,The Adventures of Ichabod and Mr. Toad (1949),Movie,1949,7,74,6.5,94,,6.6,
tt0323250,Mike's New Car,Mike's New Car (2002),Movie,2002,7.1,,6.9,,,5.8,
tt0048445,Oklahoma!,Oklahoma! (1955),Movie,1955,7.1,74,6.6,88,,6.3,
tt0109190,Baby's Day Out,Baby's Day Out (1994),Movie,1994,6.2,,6.1,,,4.2,
tt0279967,Mulan II,Mulan II (2004),Movie,2004,5.7,,6.5,0,,4.6,
tt0810900,High School Musical 2,High School Musical 2 (2007),Movie,2007,5.1,72,6.5,83,,4.1,
tt4941804,Riley's First Date?,Riley's First Date? (2015),Movie,2015,7.5,,7.2,,,6.6,
tt0238414,Mickey's Once Upon a Christmas,Mickey's Once Upon a Christmas (1999),Movie,1999,7.1,,7.1,40,,5.8,
tt0050798,Old Yeller,Old Yeller (1957),Movie,1957,7.3,84,6.9,,,6.4,
tt0382937,Recess: Taking the Fifth Grade,Recess: Taking the Fifth Grade (2003),Movie,2003,6.8,,6.4,,,5.6,
tt0457993,Lilo & Stitch 2: Stitch Has a Glitch,Lilo & Stitch 2: Stitch Has a Glitch (2005),Movie,2005,6.3,,6.6,40,,5.2,
tt5523010,The Nutcracker and the Four Realms,The Nutcracker and the Four Realms (2018),Movie,2018,5.6,39,6.1,,,5,
tt1825918,Phineas and Ferb the Movie: Across the 2nd Dimension,Phineas and Ferb the Movie: Across the 2nd Dimension (2011),Movie,2011,7.4,,6.8,,,,
tt14499632,22 vs. Earth,22 vs. Earth (2021),Movie,2021,6.5,,7.2,,,5.5,
tt6811018,The Kid Who Would Be King,The Kid Who Would Be King (2019),Movie,2019,6,66,6.1,,,5.4,
tt0107952,The Return of Jafar,The Return of Jafar (1994),Movie,1994,5.9,,6.1,,,4.9,
tt14957270,"The Good, the Bart, and the Loki","The Good, the Bart, and the Loki (2021)",Movie,2021,7,,7.7,,,4.7,
tt0373051,Journey to the Center of the Earth,Journey to the Center of the Earth (2008),Movie,2008,5.8,57,6,,6.1,4.5,
tt7728344,Marvel Rising: Secret Warriors,Marvel Rising: Secret Warriors (2018),Movie,2018,5.2,,7,,,5,
tt0091455,Luxo Jr.,Luxo Jr. (1986),Movie,1986,7.3,,7.1,,,6.3,
tt0089731,One Magic Christmas,One Magic Christmas (1985),Movie,1985,6.5,,5.8,47,,4.9,
tt1216515,Tinker Bell and the Great Fairy Rescue,Tinker Bell and the Great Fairy Rescue (2010),Movie,2010,6.9,,6.7,,,5.8,
tt9536832,Kitbull,Kitbull (2019),Movie,2019,8,,8.1,,,7.3,
tt0019422,Steamboat Willie,Steamboat Willie (1928),Movie,1928,7.6,,7.3,,,6.9,
tt0306841,The Lizzie McGuire Movie,The Lizzie McGuire Movie (2003),Movie,2003,5.5,56,6.3,40,,4.2,
tt0283084,Tuck Everlasting,Tuck Everlasting (2002),Movie,2002,6.6,66,6.6,60,,5.8,
tt0485985,Red Tails,Red Tails (2012),Movie,2012,5.9,46,6.5,,,5.4,
tt13524234,Folklore: The Long Pond Studio Sessions,Folklore: The Long Pond Studio Sessions (2020),Movie,2020,8.5,,8.7,,,7.6,
tt14062858,Us Again,Us Again (2021),Movie,2021,8,,8.2,,,7,
tt0338094,The Haunted Mansion,The Haunted Mansion (2003),Movie,2003,5,34,5.6,,7.5,4.1,
tt0396652,Ice Princess,Ice Princess (2005),Movie,2005,6,55,6.4,52,,4.2,
tt0962726,High School Musical 3: Senior Year,High School Musical 3: Senior Year (2008),Movie,2008,4.9,57,6.6,63,,4.1,
tt0416508,Becoming Jane,Becoming Jane (2007),Movie,2007,7,55,7.3,,,6.3,
tt0395479,Boundin',Boundin' (2003),Movie,2003,6.9,,6.6,,,6,
tt0765128,Oceans,Oceans (2009),Movie,2009,7.8,75,7.3,,9.5,8,
tt1850374,Toy Story Toons: Hawaiian Vacation,Toy Story Toons: Hawaiian Vacation (2011),Movie,2011,7.3,,7,,,6.4,
tt0092086,Three Amigos!,Three Amigos! (1986),Movie,1986,6.5,52,6.4,,,4.7,
tt1305591,Mars Needs Moms,Mars Needs Moms (2011),Movie,2011,5.4,49,6,,4.5,4.9,
tt1474311,Prep & Landing,Prep & Landing (2009),Movie,2009,7.7,,7,,,5.8,
tt0361089,Valiant,Valiant (2005),Movie,2005,5.5,45,5.5,32,,5.2,
tt2762970,Cloud 9,Cloud 9 (2014),Movie,2014,6.6,,6.9,,,4.8,
tt0211181,102 Dalmatians,102 Dalmatians (2000),Movie,2000,4.9,35,5.5,,,3.8,
tt0467421,Twitches,Twitches (2005),Movie,2005,5.8,,6.7,60,,4.3,
tt0446724,Kim Possible: So the Drama,Kim Possible: So the Drama (2005),Movie,2005,7.2,,6.9,,,4.6,
tt0119432,Jungle 2 Jungle,Jungle 2 Jungle (1997),Movie,1997,5.2,42,5.2,,,3.4,
tt0291082,Cinderella 2: Dreams Come True,Cinderella 2: Dreams Come True (2001),Movie,2001,5,,6.1,11,,4.1,
tt0455499,Garfield: A Tail of Two Kitties,Garfield: A Tail of Two Kitties (2006),Movie,2006,5,37,5.5,12,,4,
tt1159961,Waking Sleeping Beauty,Waking Sleeping Beauty (2009),Movie,2009,7.6,70,7.4,71,,6.8,
tt6473066,Clouds,Clouds (2020),Movie,2020,7.5,55,8.4,,,6.4,
tt3979300,Magic Camp,Magic Camp (2020),Movie,2020,6.4,,7.1,,,5.2,
tt3764966,Teen Beach 2,Teen Beach 2 (2015),Movie,2015,6,,6.8,56,,4.3,
tt0209069,Judging Amy,Judging Amy (1999‚Äì2005),TVSeries,1999,7,,7.6,,,4.9,
tt0381006,America's Heart & Soul,America's Heart & Soul (2004),Movie,2004,5.1,55,3.6,,,,
tt0108377,Trail Mix-Up,Trail Mix-Up (1993),Movie,1993,7.2,,6.8,,,6.3,
tt0374926,Once Upon a Mattress,Once Upon a Mattress (1972),Movie,1972,8.1,,,,,,
tt0313680,Tarzan & Jane,Tarzan & Jane (2002),Movie,2002,5.4,,6,,,5.1,
tt0323810,Right on Track,Right on Track (2003),Movie,2003,6.3,,6.5,,,,
tt1222816,Disneynature: Wings of Life,Disneynature: Wings of Life (2011),Movie,2011,7.3,,7.1,,,7.3,
tt0059793,That Darn Cat!,That Darn Cat! (1965),Movie,1965,6.8,71,6.7,94,,5.3,
tt0817307,The Sandlot: Heading Home,The Sandlot: Heading Home (2007),Movie,2007,5,,6,,,4,
tt0111271,Squanto: A Warrior's Tale,Squanto: A Warrior's Tale (1994),Movie,1994,6,,6.4,,,4.5,
tt0074599,Gus,Gus (1976),Movie,1976,5.9,52,5.9,,6,,
tt10167262,Lamp Life,Lamp Life (2020),Movie,2020,6.8,,7.3,,,6,
tt0031431,The Hockey Champ,The Hockey Champ (1939),Movie,1939,7.1,,6.8,,,6.1,
tt0187819,Doug's 1st Movie,Doug's 1st Movie (1999),Movie,1999,5,,5.5,,10,4.7,
tt0026816,On Ice,On Ice (1935),Movie,1935,7.4,,6.5,,,6.2,
tt1458175,The Next Three Days,The Next Three Days (2010),Movie,2010,7.3,52,7,,8.6,6.5,
tt0029930,Boat Builders,Boat Builders (1938),Movie,1938,7.3,,6.9,,,6.2,
tt0038674,A Knight for a Day,A Knight for a Day (1946),Movie,1946,6.8,,6.2,,,5.9,
tt0481513,Dr. Dolittle 3,Dr. Dolittle 3 (2006),Movie,2006,4,,5.2,,,2.9,
tt0313634,The Scream Team,The Scream Team (2002),Movie,2002,6.6,,6.2,,,,
tt0027569,Elmer Elephant,Elmer Elephant (1936),Movie,1936,6.9,,5.8,,,5.9,
tt0299943,Gotta Kick It Up!,Gotta Kick It Up! (2002),Movie,2002,5.8,,6.8,,,,
tt0276033,The Country Bears,The Country Bears (2002),Movie,2002,4.2,37,4.7,,,3.5,
tt0218440,Miracle in Lane 2,Miracle in Lane 2 (2000),Movie,2000,6.1,,6.2,,,,
tt0282123,A Ring of Endless Light,A Ring of Endless Light (2002),Movie,2002,6,,7.1,,,,
tt0167038,Belle's Magical World,Belle's Magical World (1998),Movie,1998,5.2,,6.3,17,,4,
tt0271172,Jumping Ship,Jumping Ship (2001),Movie,2001,6.2,,6.4,,,3.7,
tt0025200,The Grasshopper and the Ants,The Grasshopper and the Ants (1934),Movie,1934,7.3,,6.4,,,6,
tt0029188,Magician Mickey,Magician Mickey (1937),Movie,1937,7.3,,6.5,,,6.6,
tt3221698,Iron Man & Hulk: Heroes United,Iron Man & Hulk: Heroes United (2013),Movie,2013,4.7,,5.3,,,3.7,
tt0028368,Three Little Wolves,Three Little Wolves (1936),Movie,1936,7.1,,6.5,,,5.9,
tt0111701,White Fang 2: Myth of the White Wolf,White Fang 2: Myth of the White Wolf (1994),Movie,1994,5.4,,6.6,,,4,
tt1090750,Dadnapped,Dadnapped (2009),Movie,2009,4.9,,5.1,,,3.6,
tt0206123,Mars and Beyond,Mars and Beyond (2000),Movie,2000,3,,,,,,
tt0244764,Rip Girls,Rip Girls (2000),Movie,2000,6.1,,6.4,,,,
tt0053352,Third Man on the Mountain,Third Man on the Mountain (1959),Movie,1959,7.1,,6.3,,,6,
tt6467274,Atlantis Rising,Atlantis Rising (2017),Movie,2017,6.5,,6,,,6,
tt0322389,George of the Jungle 2,George of the Jungle 2 (2003),Movie,2003,3.4,,4.5,,,2.5,
tt11295300,Marvel Studios: Expanding the Universe,Marvel Studios: Expanding the Universe (2019),Movie,2019,6.8,,5.3,,,,
tt10719984,Expedition Amelia,Expedition Amelia (2019),Movie,2019,7.2,,7.2,,,,
tt0031086,Beach Picnic,Beach Picnic (1939),Movie,1939,6.7,,6,,,6,
tt0055740,Almost Angels,Almost Angels (1962),Movie,1962,6.5,,6.6,,,6.8,
tt0022647,Babes in the Woods,Babes in the Woods (1932),Movie,1932,6.7,,6,,,6,
tt0033568,Early to Bed,Early to Bed (1941),Movie,1941,7.2,,6.6,,,6.4,
tt0071288,The Castaway Cowboy,The Castaway Cowboy (1974),Movie,1974,5.9,,6,,,,
tt0028981,Hawaiian Holiday,Hawaiian Holiday (1937),Movie,1937,7.1,,6.1,,,6.2,
tt0033824,Lend a Paw,Lend a Paw (1941),Movie,1941,7,,6.8,,,6.5,
tt0043428,Corn Chips,Corn Chips (1951),Movie,1951,7.4,,7.1,,,6.4,
tt0047803,The African Lion,The African Lion (1955),Movie,1955,7.2,,7.1,,,,
tt12137534,Jane Goodall: The Hope,Jane Goodall: The Hope (2020),Movie,2020,7.9,,9,,,,
tt0379060,Zenon: Z3,Zenon: Z3 (2004),Movie,2004,5.5,,5.6,,,,
tt6508408,Gender Revolution,Gender Revolution (2017),Movie,2017,5.7,,6.4,,,,
tt3920782,Life-Size 2,Life-Size 2 (2018),Movie,2018,4.7,,6.2,,,,
tt0042047,Winter Storage,Winter Storage (1949),Movie,1949,7.3,,6.7,,,6.4,
tt0035148,The Olympic Champ,The Olympic Champ (1942),Movie,1942,7,,6.4,,,6.3,
tt15090776,Growing Fangs,Growing Fangs (2021),Movie,2021,6.5,,6.8,,,4.1,
tt11448424,High School Musical: The Musical: The Series: The Special,High School Musical: The Musical: The Series: The Special (2019),Movie,2019,7.6,,8.7,,,5.4,
tt0028365,Three Blind Mouseketeers,Three Blind Mouseketeers (1936),Movie,1936,6.3,,6.5,,,5.6,
tt0318850,The Young Black Stallion,The Young Black Stallion (2003),Movie,2003,5.6,51,6.7,45,,5,
tt0043063,Trailer Horn,Trailer Horn (1950),Movie,1950,6.9,,6.4,,,6.3,
tt0034875,How to Swim,How to Swim (1942),Movie,1942,7.1,,6.6,,,6,
tt0116756,Kazaam,Kazaam (1996),Movie,1996,3,24,4.3,,,2.2,
tt0038489,Double Dribble,Double Dribble (1946),Movie,1946,6.8,,6.2,,,5.7,
tt0036933,How to Play Football,How to Play Football (1944),Movie,1944,7.2,,6.7,,,5.8,
tt0047043,Grand Canyonscope,Grand Canyonscope (1954),Movie,1954,7,,6.3,,,6.1,
tt0075347,Treasure of Matecumbe,Treasure of Matecumbe (1976),Movie,1976,6.2,,6.1,,,5.8,
tt0044835,Let's Stick Together,Let's Stick Together (1952),Movie,1952,6.8,,6.2,,,6.4,
tt0068276,The Biscuit Eater,The Biscuit Eater (1972),Movie,1972,5.8,,5.7,,,,
tt0045038,Pluto's Party,Pluto's Party (1952),Movie,1952,6.5,,6.1,,,6.3,
tt4743564,Drain the Titanic,Drain the Titanic (2015),Movie,2015,6.4,,7.3,,,5.7,
tt1127884,Hannah Montana and Miley Cyrus: Best of Both Worlds Concert,Hannah Montana and Miley Cyrus: Best of Both Worlds Concert (2008),Movie,2008,2.4,59,6.2,,,3.4,
tt0047867,Beezy Bear,Beezy Bear (1955),Movie,1955,7.2,,5.7,,,6.1,
tt14017018,Own the Room,Own the Room (2021),Movie,2021,6.6,68,6.5,,,,
tt0382936,Recess: All Growed Down,Recess: All Growed Down (2003),Movie,2003,6.6,,6,,,5.3,
tt0042471,Food for Feudin',Food for Feudin' (1950),Movie,1950,6.8,,5.8,,,5.9,
tt0496386,Bao hu lu de mi mi,Bao hu lu de mi mi (2007),Movie,2007,5.2,,7.3,,,4.7,
tt0186910,Can of Worms,Can of Worms (1999),Movie,1999,5,,4.5,,,,
tt10290670,The Lost Tomb of Alexander the Great,The Lost Tomb of Alexander the Great (2019),Movie,2019,6.6,,8,,,5.9,
tt11278760,Myth: A Frozen Tale,Myth: A Frozen Tale (2019),Movie,2019,5.9,,5.8,,,4.7,
tt0040698,Pluto's Purchase,Pluto's Purchase (1948),Movie,1948,6.5,,6.5,,,5.6,
tt0041751,Pluto and the Gopher,Pluto and the Gopher (1950),Movie,1950,6.2,,6.7,,,5.8,
tt7775248,Decorating Disney: Holiday Magic,Decorating Disney: Holiday Magic (2017),Movie,2017,6.9,,7.2,,,,
tt4052050,He's Out There,He's Out There (2018),Movie,2018,5.2,,5.8,,,4.5,
tt1653690,Ong-bak 3,Ong-bak 3 (2010),Movie,2010,5,38,6,50,,3.5,
tt0088678,The Adventures of Mark Twain,The Adventures of Mark Twain (1985),Movie,1985,7.4,,6.9,80,,6.9,
tt5586052,The Invisibles,The Invisibles (2017),Movie,2017,7.2,60,6.9,,,6.6,
tt0090213,Tuff Turf,Tuff Turf (1985),Movie,1985,6.1,37,6,17,,5.3,
tt7153488,Army of One,Army of One (2020),Movie,2020,4.5,,5.2,,,3.9,
tt1801552,Gotti,Gotti (2018),Movie,2018,4.7,24,5.3,,,4.3,
tt2340650,East Side Sushi,East Side Sushi (2014),Movie,2014,7.2,70,6.8,,,5.9,
tt0926063,Dance of the Dead,Dance of the Dead (2008),Movie,2008,5.8,,5.9,,,4.6,
tt7208564,Blood Fest,Blood Fest (2018),Movie,2018,5.4,54,5.4,,,4.8,
tt1740710,Mere Brother Ki Dulhan,Mere Brother Ki Dulhan (2011),Movie,2011,5.8,,6.1,,,,
tt4872078,The Intervention,The Intervention (2016),Movie,2016,6.1,57,6,,,4.9,
tt1047610,Doug Stanhope: No Refunds,Doug Stanhope: No Refunds (2007),Movie,2007,8.2,,7.7,,,,
tt3748440,Blue Mountain State: The Rise of Thadland,Blue Mountain State: The Rise of Thadland (2016),Movie,2016,5.7,,5.6,,,4.2,
tt3072482,Hardcore Henry,Hardcore Henry (2015),Movie,2015,6.7,51,6.3,,,6.1,
tt0401815,Tamara,Tamara (2005),Movie,2005,5.1,34,5.3,32,,3.7,
tt1158939,Never Grow Old,Never Grow Old (2019),Movie,2019,5.9,65,6.1,,,6,
tt8983164,Chhalaang,Chhalaang (2020),Movie,2020,6.8,,6.4,70,,,
tt10308928,Force of Nature,Force of Nature (2020),Movie,2020,4.5,29,5.2,,,3.6,
tt0080905,Fists of the White Lotus,Fists of the White Lotus (1980),Movie,1980,7.2,,6,,,6.5,
tt2093995,Fort Bliss,Fort Bliss (2014),Movie,2014,6.4,68,6.7,,,5.4,
tt0074730,Kabhie Kabhie,Kabhie Kabhie (1976),Movie,1976,7.4,,5.7,,,,
tt1930315,Cyberbully,Cyberbully (2011),Movie,2011,5.5,,6.2,,,4.3,
tt2238837,Kadhalil Sodhappuvadhu Yeppadi,Kadhalil Sodhappuvadhu Yeppadi (2012),Movie,2012,7.1,,5.7,,,,
tt0445939,The Burrowers,The Burrowers (2008),Movie,2008,5.7,,5.8,75,,5.2,
tt0272736,Let's Be Friends!,Let's Be Friends! (2002),Movie,2002,5.1,,6.4,,,,
tt1134854,Survival of the Dead,Survival of the Dead (2009),Movie,2009,4.9,43,4.9,,,3.9,
tt6026818,Sharkwater Extinction,Sharkwater Extinction (2018),Movie,2018,7.7,76,7.2,100,,7,
tt6265988,Bhoomi,Bhoomi (2017),Movie,2017,5.4,,5.9,,,,
tt0495034,Golmaal: Fun Unlimited,Golmaal: Fun Unlimited (2006),Movie,2006,7.4,,6.6,,,,
tt0045564,The Blue Gardenia,The Blue Gardenia (1953),Movie,1953,6.9,,6.6,,,6.8,
tt4651410,Precious Cargo,Precious Cargo (2016),Movie,2016,4.6,27,5.1,,,3.5,
tt0119095,FairyTale: A True Story,FairyTale: A True Story (1997),Movie,1997,6.5,,6.4,,,5.9,
tt3563262,Submergence,Submergence (2017),Movie,2017,5.4,38,5.4,22,,4.7,
tt1149405,Trouble the Water,Trouble the Water (2008),Movie,2008,7.3,83,7,,,6.6,
tt0085912,Mashaal,Mashaal (1984),Movie,1984,7.3,,8.5,,,,
tt1757742,Apartment 143,Apartment 143 (2011),Movie,2011,5.1,,5.2,,,4.4,
tt0071338,Cockfighter,Cockfighter (1974),Movie,1974,7.1,,6.5,100,,6.6,
tt0052602,The Bat,The Bat (1959),Movie,1959,6.1,,6.1,,,5.5,
tt3739110,The Yellow Birds,The Yellow Birds (2017),Movie,2017,5.7,56,5.8,,,5,
tt1261900,Lovecraft: Fear of the Unknown,Lovecraft: Fear of the Unknown (2008),Movie,2008,7.2,,7.1,,,6.6,
tt2053352,Diana Vreeland: The Eye Has to Travel,Diana Vreeland: The Eye Has to Travel (2011),Movie,2011,7.5,69,7.3,,,7.2,
tt1587669,Body of Proof,Body of Proof (TV Series 2011‚Äì2013),TVSeries,2011,7.1,57,6.9,,,5.3,
tt0069341,Tales from the Crypt,Tales from the Crypt (1972),Movie,1972,6.9,,6.9,90,,5.9,
tt0286179,Sunshine State,Sunshine State (2002),Movie,2002,6.7,69,6.4,,,6.3,
tt0340376,The Statement,The Statement (2003),Movie,2003,6.2,45,5.7,23,,5.6,
tt3448226,Rampage: Capital Punishment,Rampage: Capital Punishment (2014),Movie,2014,6.1,,5.9,,,5.8,
tt1462901,All Is Bright,All Is Bright (2013),Movie,2013,5.6,54,5.2,49,,4.9,
tt1817676,Girl in Progress,Girl in Progress (2012),Movie,2012,5.6,45,5.6,,,4.2,
tt0954981,Cass,Cass (2008),Movie,2008,6.5,,5.9,,,5.9,
tt0090196,Transylvania 6-5000,Transylvania 6-5000 (1985),Movie,1985,5,10,5.5,18,,4.2,
tt3593046,Lost in the Sun,Lost in the Sun (2016),Movie,2016,6.1,34,6,20,,5.5,
tt4325400,Apex: The Story of the Hypercar,Apex: The Story of the Hypercar (2016),Movie,2016,7.3,,6.7,,,6.4,
tt1176251,Gigantic,Gigantic (2008),Movie,2008,6,38,5.7,36,,5.1,
tt2018079,Jappeloup,Jappeloup (2013),Movie,2013,6.7,,7.1,,,5.9,
tt1087527,Trucker,Trucker (2008),Movie,2008,6.6,61,6.4,,,5.6,
tt7284204,Summer '03,Summer '03 (2018),Movie,2018,5.5,45,5.9,61,,4.8,
tt0479044,Crips and Bloods: Made in America,Crips and Bloods: Made in America (2008),Movie,2008,6.9,,6.6,76,,7,
tt2308773,Ishaqzaade,Ishaqzaade (2012),Movie,2012,6.5,,6.5,,,,
tt0034303,Topper Returns,Topper Returns (1941),Movie,1941,6.9,,6.4,,8,6,
tt0097607,Jacknife,Jacknife (1989),Movie,1989,6.3,,6.5,,,5.7,
tt3665498,Beyond the Sky,Beyond the Sky (2018),Movie,2018,5.2,,5,,,4.2,
tt2724064,Sharknado,Sharknado (2013),Movie,2013,3.3,,3.9,,,3.4,
tt0028356,These Three,These Three (1936),Movie,1936,7.4,,7.3,100,,7.1,
tt0056736,L'Eclisse,L'Eclisse (1962),Movie,1962,7.9,,7.8,,,7.5,
tt0087805,Ninja III: The Domination,Ninja III: The Domination (1984),Movie,1984,5.4,25,6.1,,,4.8,
tt8102036,Kevin Smith: Silent But Deadly,Kevin Smith: Silent But Deadly (2018),Movie,2018,7,,6.7,,,,
tt0395571,Hawking,Hawking (2004),Movie,2004,7.5,,7.2,,,6.8,
tt0119644,Meet Wally Sparks,Meet Wally Sparks (1997),Movie,1997,5.3,,5.1,13,,,
tt3598178,John Leguizamo's Ghetto Klown,John Leguizamo's Ghetto Klown (2014),Movie,2014,7.5,,6.6,,,7.2,
tt2433040,Beyond the Mask,Beyond the Mask (2015),Movie,2015,5.1,,5.3,29,,3.8,
tt1034302,The Cry of the Owl,The Cry of the Owl (2009),Movie,2009,5.9,,5.7,11,,5.5,
tt1754853,Waiting for Lightning,Waiting for Lightning (2012),Movie,2012,7.4,45,5.5,,,,
tt3353060,Stealing Cars,Stealing Cars (2015),Movie,2015,5.8,,6.2,,,4.9,
tt0067602,Oasis of Fear,Oasis of Fear (1971),Movie,1971,6.2,,5.5,,,5.1,
tt5969180,I Hate Kids,I Hate Kids (2019),Movie,2019,5.2,12,6.4,,,,
tt0806147,Extreme Movie,Extreme Movie (2008),Movie,2008,3.7,,4.3,,4,3.2,
tt8766120,When We Last Spoke,When We Last Spoke (2019),Movie,2019,7.2,,,78,,,
tt3915160,A Secret Service Christmas,A Secret Service Christmas (2013),Movie,2013,5.7,,5.1,,,3.5,
tt0838231,Unfinished Sky,Unfinished Sky (2007),Movie,2007,6.8,,6.6,89,,,
tt0078767,The Amityville Horror,The Amityville Horror (1979),Movie,1979,6.3,28,6.3,,,5.6,
tt0080100,The Visitor,The Visitor (1979),Movie,1979,5.1,65,5.2,78,,4.4,
tt0103303,Year of the Gun,Year of the Gun (1991),Movie,1991,5.6,,4.9,,,5,
tt2326574,The Identical,The Identical (2014),Movie,2014,5.2,25,5.5,,,4.8,